-- ============================================================================
-- Anki2 — колоды «Собеседование» (Frontend). Сгенерировано build-interview.mjs.
-- Применять ПОСЛЕ schema.sql и seed.sql. Идемпотентно (on conflict do nothing).
-- ============================================================================
begin;

-- Собеседование · JavaScript (31)
insert into anki.decks (id, name, description, config) values ('55555555-5555-5555-5555-555555550001', 'Собеседование · JavaScript', 'Подготовка к собеседованию: JavaScript', '{"newCardsPerDay":30,"maxReviewsPerDay":300}'::jsonb) on conflict (id) do nothing;
insert into anki.notes (id, note_type_id, deck_id, fields, tags) values ('d3064121-0fa2-7a24-2243-537625acef45', '11111111-1111-1111-1111-111111110001', '55555555-5555-5555-5555-555555550001', '{"Front":"Какие примитивные типы есть в JavaScript и чем примитив отличается от объекта при копировании?","Back":"В JS **7 примитивов**: `string`, `number`, `bigint`, `boolean`, `undefined`, `null`, `symbol`. Всё остальное — объекты (включая массивы, функции, даты).\n\n**Ключевые отличия:**\n- Примитивы **иммутабельны** и копируются **по значению**. Объекты копируются **по ссылке**.\n- `typeof null === ''object''` — историческая бага, которую нельзя исправить из-за обратной совместимости.\n- У примитивов нет методов, но `''abc''.length` работает за счёт **автобоксинга**: движок временно оборачивает примитив в объект-обёртку (`String`/`Number`/`Boolean`), вызывает метод и выбрасывает обёртку.\n\n```js\nlet a = 1; let b = a; b = 2; // a === 1 (копия значения)\nlet o = {x:1}; let p = o; p.x = 2; // o.x === 2 (та же ссылка)\n```\n\n**Подводный камень:** `const` защищает только биндинг, не содержимое. `const o = {}; o.x = 1` — валидно. Для иммутабельности нужен `Object.freeze`."}'::jsonb, ARRAY['primitives', 'value-vs-reference', 'autoboxing', 'syntax']::text[]) on conflict (id) do nothing;
insert into anki.cards (id, note_id, deck_id, template_index, state) values ('620dc202-6ec9-72fa-2ef5-94378f42e137', 'd3064121-0fa2-7a24-2243-537625acef45', '55555555-5555-5555-5555-555555550001', 0, 'new') on conflict (id) do nothing;
insert into anki.notes (id, note_type_id, deck_id, fields, tags) values ('8ddaf0c6-74f3-1b19-2459-3339d41dec87', '11111111-1111-1111-1111-111111110001', '55555555-5555-5555-5555-555555550001', '{"Front":"Чем отличается == от === и какие подводные камни у нестрогого сравнения?","Back":"`===` (strict) сравнивает **без приведения типов**: разные типы — сразу `false`. `==` (loose) запускает **абстрактный алгоритм сравнения** с приведением.\n\n**Главные грабли `==`:**\n- `null == undefined` → `true`, но `null == 0` → `false` (специальный случай, `null`/`undefined` не приводятся к числу в `==`).\n- `'''' == 0` → `true`, `''0'' == 0` → `true`, но `'''' == ''0''` → `false`.\n- `[] == ![]` → `true` (`![]` → `false` → `0`, `[]` → `''''` → `0`).\n- `NaN == NaN` → `false` всегда.\n\n**Правило:** всегда используй `===`, кроме одного идиоматичного случая — `x == null` для проверки «null или undefined одновременно».\n\n```js\nif (x == null) {} // эквивалент x === null || x === undefined\n```\n\nПод капотом `==` для объект+примитив вызывает `ToPrimitive` (через `Symbol.toPrimitive` / `valueOf` / `toString`)."}'::jsonb, ARRAY['equality', 'coercion', 'syntax']::text[]) on conflict (id) do nothing;
insert into anki.cards (id, note_id, deck_id, template_index, state) values ('4fb54757-9316-4ddd-60e2-121a778a2ef4', '8ddaf0c6-74f3-1b19-2459-3339d41dec87', '55555555-5555-5555-5555-555555550001', 0, 'new') on conflict (id) do nothing;
insert into anki.notes (id, note_type_id, deck_id, fields, tags) values ('c6b84db1-b29d-a5e6-1ff7-1f33fa4f2534', '11111111-1111-1111-1111-111111110001', '55555555-5555-5555-5555-555555550001', '{"Front":"Как работает приведение типов (coercion) в операторах + и -? Почему [] + {} и {} + [] дают разное?","Back":"**Оператор `+`** перегружен: если хотя бы один операнд после `ToPrimitive` — строка, идёт **конкатенация**, иначе сложение. Остальные арифметические операторы (`-`, `*`, `/`) всегда приводят к числу.\n\n```js\n1 + ''2''   // ''12'' (строка)\n1 - ''2''   // -1 (число)\n''5'' * 2   // 10\n[] + {}   // ''[object Object]'' ([]→'''', {}→''[object Object]'')\n[1,2] + [3] // ''1,23'' (массивы → строки через join)\n```\n\n**`{} + []` в консоли** даёт `0`, потому что ведущая `{}` парсится как **пустой блок кода**, а не объект, и остаётся унарный `+[]` → `+''''` → `0`. В выражении (`var x = {} + []`) будет `''[object Object]''`.\n\n**ToPrimitive** для `+` использует hint `''default''`: сначала `valueOf()`, потом `toString()`. Для объектов `valueOf` обычно возвращает сам объект (не примитив), поэтому срабатывает `toString`."}'::jsonb, ARRAY['coercion', 'operators', 'toprimitive', 'syntax']::text[]) on conflict (id) do nothing;
insert into anki.cards (id, note_id, deck_id, template_index, state) values ('0ee5de9f-2f7e-5e37-5b24-3facdc6e5ab5', 'c6b84db1-b29d-a5e6-1ff7-1f33fa4f2534', '55555555-5555-5555-5555-555555550001', 0, 'new') on conflict (id) do nothing;
insert into anki.notes (id, note_type_id, deck_id, fields, tags) values ('b6b03bca-5197-d508-ac3c-167da1cf18ac', '11111111-1111-1111-1111-111111110001', '55555555-5555-5555-5555-555555550001', '{"Front":"Что такое NaN, как его корректно проверять и какие значения являются falsy?","Back":"`NaN` (Not-a-Number) — единственное значение в JS, **не равное самому себе**: `NaN === NaN` → `false`. Появляется при невалидных матоперациях (`0/0`, `parseInt(''x'')`, `Math.sqrt(-1)`).\n\n**Проверка:**\n- `Number.isNaN(x)` — правильный способ, без приведения типа.\n- `isNaN(x)` (глобальный) — **опасен**: сначала приводит к числу, поэтому `isNaN(''foo'')` → `true`.\n- Трюк: `x !== x` → `true` только для `NaN`.\n\n**Falsy-значения (8 штук):** `false`, `0`, `-0`, `0n`, `''''`, `null`, `undefined`, `NaN`. Всё остальное truthy — включая `[]`, `{}`, `''0''`, `''false''`.\n\n```js\nObject.is(NaN, NaN)  // true (в отличие от ===)\nObject.is(0, -0)     // false (в отличие от ===)\n```\n\n`Object.is` — как `===`, но корректно различает `±0` и считает `NaN` равным `NaN`."}'::jsonb, ARRAY['nan', 'falsy', 'object-is', 'syntax']::text[]) on conflict (id) do nothing;
insert into anki.cards (id, note_id, deck_id, template_index, state) values ('394cacf0-ce44-1566-9d8c-0409e5b42771', 'b6b03bca-5197-d508-ac3c-167da1cf18ac', '55555555-5555-5555-5555-555555550001', 0, 'new') on conflict (id) do nothing;
insert into anki.notes (id, note_type_id, deck_id, fields, tags) values ('ec7604bf-f2a5-f66a-c0db-291b9dd57265', '11111111-1111-1111-1111-111111110001', '55555555-5555-5555-5555-555555550001', '{"Front":"В чём разница между поверхностной (shallow) и глубокой (deep) копией? Как сделать каждую?","Back":"**Shallow copy** копирует только верхний уровень; вложенные объекты остаются общими ссылками.\n\n```js\nconst shallow = { ...obj };          // spread\nconst shallow2 = Object.assign({}, obj);\nconst arrShallow = [...arr];\n```\n\n**Deep copy** рекурсивно копирует всё.\n\n```js\nstructuredClone(obj); // нативно, с 2022 — лучший способ\n```\n\n**Подводные камни:**\n- `JSON.parse(JSON.stringify(obj))` — теряет `undefined`, функции, `Symbol`, ломает `Date` (→ строка), `Map`/`Set`, циклические ссылки (кидает), `BigInt` (кидает). Медленно.\n- `structuredClone` поддерживает циклы, `Map`, `Set`, `Date`, `ArrayBuffer`, но **не клонирует функции, DOM-узлы, прототипы** (кидает `DataCloneError`).\n- `Object.assign` вызывает геттеры/сеттеры (копирует результат, а не дескриптор)."}'::jsonb, ARRAY['copy', 'deep-clone', 'structured-clone', 'syntax']::text[]) on conflict (id) do nothing;
insert into anki.cards (id, note_id, deck_id, template_index, state) values ('73e32544-b615-d9d0-5fad-3a291b284ede', 'ec7604bf-f2a5-f66a-c0db-291b9dd57265', '55555555-5555-5555-5555-555555550001', 0, 'new') on conflict (id) do nothing;
insert into anki.notes (id, note_type_id, deck_id, fields, tags) values ('427d5698-edc9-3d28-ed9e-fb6c16851d74', '11111111-1111-1111-1111-111111110001', '55555555-5555-5555-5555-555555550001', '{"Front":"Объясни event loop: чем отличаются микротаски от макротасков и в каком порядке они выполняются?","Back":"JS однопоточный: есть **call stack**, **очередь макротасков** (task queue) и **очередь микротасков** (microtask queue).\n\n**Алгоритм цикла:**\n1. Выполнить один макротаск (скрипт, `setTimeout`, I/O, событие).\n2. **Полностью опустошить очередь микротасков** (Promise-колбэки, `queueMicrotask`, `MutationObserver`).\n3. Отрендерить (в браузере) при необходимости.\n4. Взять следующий макротаск.\n\nКлюч: **после каждого макротаска все микротаски выполняются до конца**, даже если они порождают новые микротаски.\n\n```js\nconsole.log(1);\nsetTimeout(() => console.log(2));      // макротаск\nPromise.resolve().then(() => console.log(3)); // микротаск\nconsole.log(4);\n// 1, 4, 3, 2\n```\n\n**Подводный камень:** бесконечная генерация микротасков (`Promise.resolve().then(loop)`) **заблокирует рендер и макротаски** — браузер зависнет, в отличие от рекурсивного `setTimeout`."}'::jsonb, ARRAY['event-loop', 'microtask', 'macrotask', 'async']::text[]) on conflict (id) do nothing;
insert into anki.cards (id, note_id, deck_id, template_index, state) values ('73988bc9-cac3-b91e-bb3d-ff5fb9fc2c96', '427d5698-edc9-3d28-ed9e-fb6c16851d74', '55555555-5555-5555-5555-555555550001', 0, 'new') on conflict (id) do nothing;
insert into anki.notes (id, note_type_id, deck_id, fields, tags) values ('55b0664a-ea21-b294-df70-f89669ac9a3d', '11111111-1111-1111-1111-111111110001', '55555555-5555-5555-5555-555555550001', '{"Front":"Что такое Promise, в каких состояниях он бывает и чем .then/.catch/.finally отличаются по поведению?","Back":"`Promise` — объект, представляющий результат отложенной операции. **3 состояния:** `pending` → `fulfilled` (resolved) или `rejected`. Переход **необратим** (settled один раз).\n\n- `.then(onFulfilled, onRejected)` — возвращает **новый** промис; значение из колбэка оборачивается в resolved-промис, исключение → rejected.\n- `.catch(fn)` ≡ `.then(undefined, fn)`.\n- `.finally(fn)` — выполняется в любом исходе, **не получает значение и не меняет его** (но если кинет/вернёт rejected-промис — перебьёт результат).\n\n**Подводные камни:**\n- Возврат промиса из `.then` приводит к его **развёртыванию** (thenable assimilation) — цепочка ждёт его.\n- Необработанный reject → `unhandledrejection`.\n- `.then().catch()` ловит ошибки из всей цепочки выше; `.then(ok, err)` — НЕ ловит ошибку из своего же `ok`.\n\n```js\np.then(handleOk).catch(handleErr); // err ловит и handleOk тоже\np.then(handleOk, handleErr);        // err НЕ ловит ошибку handleOk\n```"}'::jsonb, ARRAY['promise', 'then-catch', 'async']::text[]) on conflict (id) do nothing;
insert into anki.cards (id, note_id, deck_id, template_index, state) values ('90f198f6-32af-6e2c-4164-616654d686ab', '55b0664a-ea21-b294-df70-f89669ac9a3d', '55555555-5555-5555-5555-555555550001', 0, 'new') on conflict (id) do nothing;
insert into anki.notes (id, note_type_id, deck_id, fields, tags) values ('2eb6f995-4a16-9c57-490d-04c77142d688', '11111111-1111-1111-1111-111111110001', '55555555-5555-5555-5555-555555550001', '{"Front":"Как async/await соотносится с промисами и где прячутся ошибки производительности при последовательном await?","Back":"`async`-функция **всегда возвращает промис**. `await` приостанавливает выполнение функции до settle промиса, а под капотом разворачивается в `.then` — то есть продолжение функции становится **микротаском**.\n\n**Главная ошибка — лишняя последовательность:**\n```js\n// ПЛОХО: 600мс, запросы ждут друг друга\nconst a = await fetchA(); // 300мс\nconst b = await fetchB(); // 300мс\n\n// ХОРОШО: 300мс, параллельно\nconst [a, b] = await Promise.all([fetchA(), fetchB()]);\n```\n\n**Нюансы:**\n- Промисы стартуют при создании, а не при `await`. Можно создать заранее и await-ить позже.\n- `await` в цикле `for...of` — последовательно; `map` + `Promise.all` — параллельно.\n- Ошибки ловятся `try/catch`. Забытый `await` теряет стектрейс и может проглотить reject.\n- `return await x` внутри try/catch нужен, чтобы catch поймал reject (иначе reject утечёт наружу)."}'::jsonb, ARRAY['async-await', 'promise', 'parallelism', 'async']::text[]) on conflict (id) do nothing;
insert into anki.cards (id, note_id, deck_id, template_index, state) values ('6094bced-ba07-7f67-e188-3e4d758e1135', '2eb6f995-4a16-9c57-490d-04c77142d688', '55555555-5555-5555-5555-555555550001', 0, 'new') on conflict (id) do nothing;
insert into anki.notes (id, note_type_id, deck_id, fields, tags) values ('bea48389-c968-35bd-ba1b-450bc687eed3', '11111111-1111-1111-1111-111111110001', '55555555-5555-5555-5555-555555550001', '{"Front":"Чем отличаются Promise.all, allSettled, race и any?","Back":"Все принимают итерабельность промисов:\n\n- **`Promise.all`** — резолвится массивом результатов, когда **все** выполнены; **реджектится при первом** же reject (fail-fast). Остальные промисы НЕ отменяются, просто игнорируются.\n- **`Promise.allSettled`** — ждёт **все**, никогда не реджектится; возвращает массив `{status:''fulfilled'', value}` / `{status:''rejected'', reason}`. Идеален, когда нужны все результаты независимо.\n- **`Promise.race`** — settle первым **settled** промисом (хоть fulfilled, хоть rejected). Используется для таймаутов.\n- **`Promise.any`** — резолвится первым **fulfilled**; если все реджектнулись — `AggregateError` со всеми причинами.\n\n```js\n// таймаут через race\nPromise.race([fetch(url), new Promise((_, rej) =>\n  setTimeout(() => rej(new Error(''timeout'')), 5000))]);\n```\n\n**Подводный камень:** `all` с пустым массивом сразу резолвится `[]`; `any`/`race` с пустым — `any` реджектится, `race` зависает навсегда."}'::jsonb, ARRAY['promise-combinators', 'promise-all', 'async']::text[]) on conflict (id) do nothing;
insert into anki.cards (id, note_id, deck_id, template_index, state) values ('60b44fdc-6812-4893-acfb-e6fb7e0f4532', 'bea48389-c968-35bd-ba1b-450bc687eed3', '55555555-5555-5555-5555-555555550001', 0, 'new') on conflict (id) do nothing;
insert into anki.notes (id, note_type_id, deck_id, fields, tags) values ('9ff00891-b111-ef86-509c-224aa22d259a', '11111111-1111-1111-1111-111111110001', '55555555-5555-5555-5555-555555550001', '{"Front":"Что такое AbortController и как отменить fetch или другую асинхронную операцию?","Back":"`AbortController` — стандартный механизм отмены. Содержит `signal`, который передаётся в API; вызов `controller.abort()` переводит сигнал в aborted и эмитит событие `abort`.\n\n```js\nconst ctrl = new AbortController();\nfetch(url, { signal: ctrl.signal })\n  .catch(e => { if (e.name === ''AbortError'') {/* отменено */} });\nctrl.abort(); // прерывает запрос\n```\n\n**Применения:**\n- Отмена устаревших запросов (гонка автокомплита).\n- `addEventListener(ev, fn, { signal })` — автоснятие слушателя при abort (удобно для очистки группы подписок одним сигналом).\n- `AbortSignal.timeout(ms)` — готовый сигнал-таймаут.\n- `AbortSignal.any([s1, s2])` — комбинирование сигналов.\n\n**Нюансы:**\n- `abort()` после settle — no-op.\n- Своя async-функция должна сама проверять `signal.aborted` / слушать `abort` — отмена не «волшебная».\n- В отменённом fetch промис **реджектится** `AbortError`, а не резолвится."}'::jsonb, ARRAY['abort-controller', 'fetch', 'cancellation', 'async']::text[]) on conflict (id) do nothing;
insert into anki.cards (id, note_id, deck_id, template_index, state) values ('d782f922-2f52-4878-3b17-5384c165c37f', '9ff00891-b111-ef86-509c-224aa22d259a', '55555555-5555-5555-5555-555555550001', 0, 'new') on conflict (id) do nothing;
insert into anki.notes (id, note_type_id, deck_id, fields, tags) values ('3186cb3c-ddd5-8c41-cd55-a979a1296e3d', '11111111-1111-1111-1111-111111110001', '55555555-5555-5555-5555-555555550001', '{"Front":"Что такое дескрипторы свойств (property descriptors) и какие флаги у них есть?","Back":"Каждое свойство объекта имеет **дескриптор** — метаданные. Два вида: **data descriptor** (`value`, `writable`) и **accessor descriptor** (`get`, `set`). Общие флаги:\n\n- **`writable`** — можно ли менять `value` (только data).\n- **`enumerable`** — попадает ли в `for...in`, `Object.keys`, spread.\n- **`configurable`** — можно ли удалять свойство и переопределять дескриптор.\n\n```js\nObject.defineProperty(obj, ''id'', {\n  value: 42, writable: false, enumerable: false, configurable: false\n});\nObject.getOwnPropertyDescriptor(obj, ''id'');\n```\n\n**Важно:** при создании через `defineProperty` все флаги по умолчанию `false`. При обычном `obj.x = 1` — все `true`.\n\n**Подводный камень:** `configurable: false` необратимо (можно только ужесточить — например, `writable: true → false`). Неэнумерируемые свойства не видны в `Object.keys`, но видны в `Object.getOwnPropertyNames` и через `Reflect.ownKeys`."}'::jsonb, ARRAY['property-descriptors', 'define-property', 'objects']::text[]) on conflict (id) do nothing;
insert into anki.cards (id, note_id, deck_id, template_index, state) values ('0e8baf31-e09f-5549-da9a-a19a7fade1b6', '3186cb3c-ddd5-8c41-cd55-a979a1296e3d', '55555555-5555-5555-5555-555555550001', 0, 'new') on conflict (id) do nothing;
insert into anki.notes (id, note_type_id, deck_id, fields, tags) values ('8b485b74-5c76-9b1a-8837-017ed761e179', '11111111-1111-1111-1111-111111110001', '55555555-5555-5555-5555-555555550001', '{"Front":"Чем геттеры/сеттеры отличаются от обычных свойств и в чём их подводные камни?","Back":"Геттер/сеттер — **accessor-свойство**: при чтении вызывается `get`, при записи — `set`. Снаружи выглядит как обычное свойство, но за ним стоит логика.\n\n```js\nconst obj = {\n  _v: 0,\n  get value() { return this._v; },\n  set value(x) { if (x < 0) throw Error(''neg''); this._v = x; }\n};\nobj.value = 5; // вызывает сеттер\n```\n\n**Нюансы:**\n- Accessor-свойство **не имеет `value`/`writable`** — только `get`/`set`/`enumerable`/`configurable`.\n- Геттер без сеттера → запись молча игнорируется (в strict mode — TypeError).\n- Геттеры **вычисляются при каждом доступе** — дорогая логика в геттере = скрытые тормоза (особенно в реактивных шаблонах Vue, где геттер дёргается на каждый рендер).\n- `JSON.stringify` вызывает геттеры (сериализует результат).\n- Бесконечная рекурсия, если в геттере обратиться к самому свойству вместо backing-поля."}'::jsonb, ARRAY['getters-setters', 'accessors', 'objects']::text[]) on conflict (id) do nothing;
insert into anki.cards (id, note_id, deck_id, template_index, state) values ('8fb7fb1c-36ec-b32d-d113-1513af81a3fa', '8b485b74-5c76-9b1a-8837-017ed761e179', '55555555-5555-5555-5555-555555550001', 0, 'new') on conflict (id) do nothing;
insert into anki.notes (id, note_type_id, deck_id, fields, tags) values ('c10bd7eb-a927-4b04-113b-d8bf784f53ff', '11111111-1111-1111-1111-111111110001', '55555555-5555-5555-5555-555555550001', '{"Front":"Что делает Object.freeze, в чём разница с seal/preventExtensions и почему freeze поверхностный?","Back":"Три уровня «запечатывания», от мягкого к жёсткому:\n\n- **`Object.preventExtensions`** — нельзя добавлять новые свойства; существующие можно менять/удалять.\n- **`Object.seal`** — `preventExtensions` + все свойства `configurable: false` (нельзя удалять/переопределять), но **значения менять можно**.\n- **`Object.freeze`** — `seal` + все свойства `writable: false` (полная заморозка значений).\n\n```js\nconst o = Object.freeze({ a: 1, nested: { b: 2 } });\no.a = 9;          // молча игнор (TypeError в strict)\no.nested.b = 9;   // РАБОТАЕТ — freeze поверхностный!\n```\n\n**Подводные камни:**\n- Freeze **shallow** — вложенные объекты не заморожены. Нужен рекурсивный deepFreeze.\n- Проверка: `Object.isFrozen(o)`.\n- Vue 3: `markRaw`/замороженные объекты не делаются реактивными — иногда это фича (большие неизменяемые данные), иногда баг (ожидали реактивность)."}'::jsonb, ARRAY['object-freeze', 'immutability', 'seal', 'objects']::text[]) on conflict (id) do nothing;
insert into anki.cards (id, note_id, deck_id, template_index, state) values ('bc6728ac-035b-8778-87c4-baa8302398d4', 'c10bd7eb-a927-4b04-113b-d8bf784f53ff', '55555555-5555-5555-5555-555555550001', 0, 'new') on conflict (id) do nothing;
insert into anki.notes (id, note_type_id, deck_id, fields, tags) values ('c5bea1cc-9cce-4dcb-ed89-401e6d1280d1', '11111111-1111-1111-1111-111111110001', '55555555-5555-5555-5555-555555550001', '{"Front":"Что такое Proxy и Reflect, и зачем они нужны вместе?","Back":"**`Proxy`** оборачивает объект и перехватывает фундаментальные операции через **ловушки (traps)**: `get`, `set`, `has`, `deleteProperty`, `apply`, `construct` и др.\n\n```js\nconst p = new Proxy(target, {\n  get(obj, key, receiver) {\n    console.log(''read'', key);\n    return Reflect.get(obj, key, receiver);\n  }\n});\n```\n\n**`Reflect`** — объект с методами, зеркалящими traps (`Reflect.get/set/has/...`). Зачем в паре:\n- Делегирует операцию **корректно**, включая `receiver` (важно для геттеров в цепочке прототипов — без `receiver` `this` в геттере будет неправильным).\n- Возвращает булев успех вместо исключений (`Reflect.set` → `true/false`).\n\n**Применение:** реактивность Vue 3 (`reactive` построен на Proxy), валидация, логирование, виртуальные свойства, негативные индексы массивов.\n\n**Подводные камни:** Proxy **не транзитивен** (вложенные объекты не проксируются автоматически — Vue проксирует лениво при доступе); нельзя проксировать приватные поля `#field` чужого класса; небольшой оверхед на каждую операцию."}'::jsonb, ARRAY['proxy', 'reflect', 'metaprogramming', 'objects']::text[]) on conflict (id) do nothing;
insert into anki.cards (id, note_id, deck_id, template_index, state) values ('a031ce72-1bff-d780-0658-e1e01fcb4587', 'c5bea1cc-9cce-4dcb-ed89-401e6d1280d1', '55555555-5555-5555-5555-555555550001', 0, 'new') on conflict (id) do nothing;
insert into anki.notes (id, note_type_id, deck_id, fields, tags) values ('832a5963-9187-ebea-f828-b58846769072', '11111111-1111-1111-1111-111111110001', '55555555-5555-5555-5555-555555550001', '{"Front":"Что такое Symbol, чем полезны well-known символы и Symbol.for?","Back":"`Symbol()` создаёт **уникальное неизменяемое значение**. Два символа никогда не равны, даже с одинаковым описанием. Используются как **неконфликтующие ключи свойств**.\n\n```js\nconst id = Symbol(''id'');\nobj[id] = 1; // не виден в for...in, Object.keys, JSON\n```\n\n- **Символьные ключи** скрыты от обычного перебора, но доступны через `Object.getOwnPropertySymbols` / `Reflect.ownKeys`. Это НЕ приватность (доступны при желании).\n- **`Symbol.for(key)`** — глобальный реестр: возвращает один и тот же символ для одного ключа (шеринг между модулями/realm).\n- **Well-known символы** настраивают поведение объекта: `Symbol.iterator` (итерируемость, `for...of`, spread), `Symbol.asyncIterator`, `Symbol.toPrimitive` (приведение), `Symbol.hasInstance` (`instanceof`), `Symbol.toStringTag`.\n\n```js\nconst range = {\n  [Symbol.iterator]() { let i = 0; return { next: () => ({ value: i, done: i++ >= 3 }) }; }\n};\n[...range]; // [0,1,2]\n```"}'::jsonb, ARRAY['symbol', 'iterator', 'well-known-symbols', 'objects']::text[]) on conflict (id) do nothing;
insert into anki.cards (id, note_id, deck_id, template_index, state) values ('8b3e37d7-1e9c-c720-e292-3d89ae3a0365', '832a5963-9187-ebea-f828-b58846769072', '55555555-5555-5555-5555-555555550001', 0, 'new') on conflict (id) do nothing;
insert into anki.notes (id, note_type_id, deck_id, fields, tags) values ('c066f6ca-5bc0-62a2-5a4a-b3f930f7f172', '11111111-1111-1111-1111-111111110001', '55555555-5555-5555-5555-555555550001', '{"Front":"Как устроена прототипная цепочка и чем [[Prototype]] отличается от свойства prototype?","Back":"Каждый объект имеет внутреннюю ссылку **`[[Prototype]]`** (доступна как `__proto__` / `Object.getPrototypeOf`). При чтении свойства движок ищет его на объекте, затем поднимается по цепочке прототипов до `null`.\n\n**Не путать:**\n- **`[[Prototype]]`** есть у каждого объекта — это его «родитель» для поиска свойств.\n- **`prototype`** есть только у **функций** — это объект, который станет `[[Prototype]]` экземпляров, созданных через `new`.\n\n```js\nfunction F() {}\nconst f = new F();\nObject.getPrototypeOf(f) === F.prototype; // true\nF.prototype.constructor === F;            // true\n```\n\n**Нюансы:**\n- Запись свойства идёт **на сам объект** (shadowing), не на прототип — кроме случая сеттера в прототипе.\n- `Object.create(proto)` создаёт объект с заданным прототипом.\n- Менять прототип на лету (`Object.setPrototypeOf`, `__proto__ =`) **дорого** — деоптимизирует hidden class в V8.\n- `Object.create(null)` — объект без прототипа (нет `toString`, удобен как чистая map)."}'::jsonb, ARRAY['prototype', 'prototype-chain', 'oop']::text[]) on conflict (id) do nothing;
insert into anki.cards (id, note_id, deck_id, template_index, state) values ('022c7a92-9c11-821d-ab22-2fb272799899', 'c066f6ca-5bc0-62a2-5a4a-b3f930f7f172', '55555555-5555-5555-5555-555555550001', 0, 'new') on conflict (id) do nothing;
insert into anki.notes (id, note_type_id, deck_id, fields, tags) values ('f90c44f5-5f76-75f3-906c-9a7515e2e30a', '11111111-1111-1111-1111-111111110001', '55555555-5555-5555-5555-555555550001', '{"Front":"Чем class в JS отличается от обычной функции-конструктора? Это «синтаксический сахар»?","Back":"В основе `class` — прототипы, но это **не полный сахар**, есть семантические отличия:\n\n- Тело класса всегда в **strict mode**.\n- Класс **не поднимается** как функция: до объявления — TDZ (в отличие от function declaration).\n- Нельзя вызвать без `new` (`TypeError`), функцию-конструктор — можно.\n- Методы класса **неэнумерируемы** (не попадают в `for...in`), в отличие от методов на `prototype` вручную.\n- Поддержка **приватных полей** `#field`, статических полей/блоков, геттеров/сеттеров на уровне синтаксиса.\n\n```js\nclass A {\n  #secret = 1;              // приватное поле\n  static count = 0;\n  get val() { return this.#secret; }\n}\n```\n\n**Приватные поля `#`** — настоящая инкапсуляция на уровне движка (не доступны рефлексией), проверка наличия — `#x in obj`. Доступ извне — синтаксическая ошибка, не рантайм."}'::jsonb, ARRAY['class', 'constructor-function', 'private-fields', 'oop']::text[]) on conflict (id) do nothing;
insert into anki.cards (id, note_id, deck_id, template_index, state) values ('f4fba994-4381-a232-ce14-8852d371f50e', 'f90c44f5-5f76-75f3-906c-9a7515e2e30a', '55555555-5555-5555-5555-555555550001', 0, 'new') on conflict (id) do nothing;
insert into anki.notes (id, note_type_id, deck_id, fields, tags) values ('bf1b55e1-90ec-0326-4b16-82e576bd295c', '11111111-1111-1111-1111-111111110001', '55555555-5555-5555-5555-555555550001', '{"Front":"Как работает this и какие есть способы потери/привязки контекста?","Back":"`this` определяется **способом вызова**, а не местом объявления (кроме стрелочных функций):\n\n1. **Метод** `obj.fn()` → `this === obj`.\n2. **Свободный вызов** `fn()` → `undefined` (strict) или `window` (sloppy).\n3. **`new fn()`** → новый объект.\n4. **`call/apply/bind`** → явно заданный.\n5. **Стрелочная функция** — `this` лексический, берётся из окружения, `bind/call` его не меняют.\n\n**Классическая потеря контекста:**\n```js\nconst obj = { x: 1, getX() { return this.x; } };\nconst f = obj.getX;\nf();                  // undefined — потеряли this\nsetTimeout(obj.getX, 0); // тоже потеря\nsetTimeout(() => obj.getX(), 0); // ок (стрелка сохраняет obj)\nconst bound = obj.getX.bind(obj); // ок\n```\n\n**Нюансы:** `bind` создаёт новую функцию (повторный bind не переопределяет первый); в обработчиках событий `this` = элемент (но в стрелке — нет); в class методах при передаче как колбэк — потеря, поэтому биндят в конструкторе или используют поля-стрелки."}'::jsonb, ARRAY['this', 'context-binding', 'arrow-functions', 'oop']::text[]) on conflict (id) do nothing;
insert into anki.cards (id, note_id, deck_id, template_index, state) values ('79ddb1bf-d83c-d8df-dc09-2c9a85f21d42', 'bf1b55e1-90ec-0326-4b16-82e576bd295c', '55555555-5555-5555-5555-555555550001', 0, 'new') on conflict (id) do nothing;
insert into anki.notes (id, note_type_id, deck_id, fields, tags) values ('f5592c6c-3f40-9932-d5b2-e6ca2fa80ceb', '11111111-1111-1111-1111-111111110001', '55555555-5555-5555-5555-555555550001', '{"Front":"Как реализовать наследование на классах с super и как работает instanceof?","Back":"**Наследование:**\n```js\nclass Animal {\n  constructor(name) { this.name = name; }\n  speak() { return `${this.name} sound`; }\n}\nclass Dog extends Animal {\n  constructor(name) {\n    super(name);        // ОБЯЗАТЕЛЕН до обращения к this\n    this.legs = 4;\n  }\n  speak() { return super.speak() + '' woof''; }\n}\n```\n\n- `super(...)` в конструкторе вызывает родительский конструктор; **обращение к `this` до `super` → ReferenceError**.\n- `super.method()` зовёт метод родителя через `[[HomeObject]]` (привязан к месту определения, не к `this`).\n\n**`instanceof`** проверяет, есть ли `Constructor.prototype` в **цепочке прототипов** объекта (а не сравнивает конструкторы напрямую).\n```js\ndog instanceof Animal; // true (поднимается по цепочке)\n```\n\n**Подводные камни:** `instanceof` ломается между разными realm (iframe/worker) — там другой `Array`; настраивается через `Symbol.hasInstance`; для типа примитивов бесполезен (используй `typeof` / `Array.isArray`)."}'::jsonb, ARRAY['inheritance', 'super', 'instanceof', 'oop']::text[]) on conflict (id) do nothing;
insert into anki.cards (id, note_id, deck_id, template_index, state) values ('278b0b2a-22fb-7818-6d57-8dfdee43f536', 'f5592c6c-3f40-9932-d5b2-e6ca2fa80ceb', '55555555-5555-5555-5555-555555550001', 0, 'new') on conflict (id) do nothing;
insert into anki.notes (id, note_type_id, deck_id, fields, tags) values ('627e8261-bccc-1fce-cb62-4530060a8a15', '11111111-1111-1111-1111-111111110001', '55555555-5555-5555-5555-555555550001', '{"Front":"Что такое замыкание (closure) и как оно хранится в памяти?","Back":"**Замыкание** — функция вместе с лексическим окружением (ссылками на переменные внешних областей), где она была **создана**. Функция «помнит» эти переменные даже после завершения внешней функции.\n\n```js\nfunction counter() {\n  let count = 0;\n  return () => ++count; // замыкает count\n}\nconst c = counter();\nc(); c(); // 1, 2 — count живёт в замыкании\n```\n\n**В памяти:** переменные, на которые ссылается замыкание, **не собираются GC**, пока жива функция-замыкание. V8 оптимизирует: в замыкание попадают только реально используемые переменные (Closure-объект), остальные из скоупа собираются.\n\n**Применения:** приватность (модульный паттерн), мемоизация, каррирование, фабрики функций, инкапсуляция состояния.\n\n**Подводные камни:**\n- Утечки памяти: замыкание держит большой объект/DOM-узел дольше нужного.\n- Классика `var` в цикле:\n```js\nfor (var i = 0; i < 3; i++) setTimeout(() => console.log(i)); // 3,3,3\nfor (let i = 0; i < 3; i++) setTimeout(() => console.log(i)); // 0,1,2 (новый биндинг на итерацию)\n```"}'::jsonb, ARRAY['closures', 'memory', 'functional', 'scope']::text[]) on conflict (id) do nothing;
insert into anki.cards (id, note_id, deck_id, template_index, state) values ('0651a82f-fc4e-2f15-ee6a-c498189d3185', '627e8261-bccc-1fce-cb62-4530060a8a15', '55555555-5555-5555-5555-555555550001', 0, 'new') on conflict (id) do nothing;
insert into anki.notes (id, note_type_id, deck_id, fields, tags) values ('53a9dd0e-062b-bb59-c398-2572c51dc231', '11111111-1111-1111-1111-111111110001', '55555555-5555-5555-5555-555555550001', '{"Front":"Что такое чистая функция и почему иммутабельность важна для предсказуемости?","Back":"**Чистая функция:**\n1. Возвращает один и тот же результат для одних аргументов (детерминизм).\n2. Без **побочных эффектов** (не мутирует внешнее состояние, не делает I/O, не читает изменяемое глобальное).\n\n```js\nconst add = (a, b) => a + b;        // чистая\nlet total = 0;\nconst impure = x => total += x;     // нечистая (мутирует внешнее)\n```\n\n**Польза:** легко тестировать (нет моков), кешировать (мемоизация), распараллеливать, переиспользовать; нет скрытых зависимостей.\n\n**Иммутабельность** — не мутировать данные, а создавать новые:\n```js\nconst next = { ...state, count: state.count + 1 }; // вместо state.count++\nconst arr2 = [...arr, item];                       // вместо arr.push\n```\n\n**Почему важно:** в Vue/React сравнение по ссылке определяет ререндер; мутация «на месте» ломает реактивность (Vue 3 ловит мутацию через Proxy, но в Pinia/общем стейте мутация снаружи action — антипаттерн). Иммутабельные апдейты дают предсказуемый поток данных и упрощают time-travel/undo."}'::jsonb, ARRAY['pure-functions', 'immutability', 'functional', 'side-effects']::text[]) on conflict (id) do nothing;
insert into anki.cards (id, note_id, deck_id, template_index, state) values ('f07d7dd6-d2e5-d5d5-caf8-07a9aafab4b5', '53a9dd0e-062b-bb59-c398-2572c51dc231', '55555555-5555-5555-5555-555555550001', 0, 'new') on conflict (id) do nothing;
insert into anki.notes (id, note_type_id, deck_id, fields, tags) values ('58ffd2b6-0129-b7db-1199-e1a699110e89', '11111111-1111-1111-1111-111111110001', '55555555-5555-5555-5555-555555550001', '{"Front":"Что такое функции высшего порядка (HOF), каррирование и композиция?","Back":"**HOF** — функция, которая принимает функцию и/или возвращает функцию (`map`, `filter`, `reduce`, `debounce`).\n\n**Каррирование** — превращение `f(a, b, c)` в `f(a)(b)(c)`; позволяет частичное применение.\n```js\nconst curry = fn => function curried(...args) {\n  return args.length >= fn.length\n    ? fn(...args)\n    : (...rest) => curried(...args, ...rest);\n};\nconst add = curry((a, b, c) => a + b + c);\nadd(1)(2)(3); // 6; add(1, 2)(3) тоже\n```\n\n**Композиция** — сборка функции из других, выход одной = вход другой.\n```js\nconst compose = (...fns) => x => fns.reduceRight((acc, f) => f(acc), x);\nconst pipe = (...fns) => x => fns.reduce((acc, f) => f(acc), x);\nconst process = pipe(trim, toLower, capitalize);\n```\n\n`compose` идёт справа-налево, `pipe` — слева-направо. На практике pipe читаемее. Композиция требует **унарных** (одноаргументных) функций между шагами."}'::jsonb, ARRAY['hof', 'currying', 'composition', 'functional']::text[]) on conflict (id) do nothing;
insert into anki.cards (id, note_id, deck_id, template_index, state) values ('768c6ff7-0634-8824-84fc-8eaaf50b1ee8', '58ffd2b6-0129-b7db-1199-e1a699110e89', '55555555-5555-5555-5555-555555550001', 0, 'new') on conflict (id) do nothing;
insert into anki.notes (id, note_type_id, deck_id, fields, tags) values ('100e8133-135c-d23f-7f92-2264376e27c7', '11111111-1111-1111-1111-111111110001', '55555555-5555-5555-5555-555555550001', '{"Front":"Что такое мемоизация и debounce/throttle? Где применяются в реальных задачах?","Back":"**Мемоизация** — кеш результатов чистой функции по аргументам:\n```js\nconst memoize = fn => {\n  const cache = new Map();\n  return (...args) => {\n    const key = JSON.stringify(args);\n    if (!cache.has(key)) cache.set(key, fn(...args));\n    return cache.get(key);\n  };\n};\n```\nГрабли: ключ через `JSON.stringify` не различает объекты по ссылке и порядок; для объектов-аргументов лучше `WeakMap`.\n\n**Debounce** — вызвать функцию только после паузы N мс без новых вызовов (поиск-автокомплит, resize).\n```js\nconst debounce = (fn, ms) => {\n  let t;\n  return (...a) => { clearTimeout(t); t = setTimeout(() => fn(...a), ms); };\n};\n```\n\n**Throttle** — не чаще раза в N мс (scroll, mousemove).\n\n**Разница:** debounce ждёт тишины (один вызов в конце), throttle гарантирует регулярность (вызовы через интервал). В Vue это типичные обёртки для watch/обработчиков ввода."}'::jsonb, ARRAY['memoization', 'debounce-throttle', 'functional']::text[]) on conflict (id) do nothing;
insert into anki.cards (id, note_id, deck_id, template_index, state) values ('682792f0-0e20-6a2f-772b-80967e7bc16e', '100e8133-135c-d23f-7f92-2264376e27c7', '55555555-5555-5555-5555-555555550001', 0, 'new') on conflict (id) do nothing;
insert into anki.notes (id, note_type_id, deck_id, fields, tags) values ('8a8acefe-1aa1-5462-e4b5-dbef535d238d', '11111111-1111-1111-1111-111111110001', '55555555-5555-5555-5555-555555550001', '{"Front":"Что такое делегирование событий и как работают фазы всплытия и перехвата?","Back":"Событие проходит **3 фазы**: capturing (от `window` вниз к target), target, **bubbling** (от target вверх). По умолчанию слушатели срабатывают на bubbling; `addEventListener(ev, fn, true)` или `{capture:true}` — на capturing.\n\n**Делегирование** — повесить один слушатель на общего родителя вместо многих на детей, и определить источник через `event.target`:\n```js\nlist.addEventListener(''click'', e => {\n  const item = e.target.closest(''li'');\n  if (item) handle(item.dataset.id);\n});\n```\n\n**Плюсы:** работает для динамически добавленных элементов, меньше слушателей (память/перф).\n\n**Нюансы:**\n- `event.target` — где произошло, `event.currentTarget` — где висит слушатель (`this`).\n- `stopPropagation()` останавливает дальнейшее всплытие; `stopImmediatePropagation()` — ещё и другие слушатели на этом же элементе.\n- `preventDefault()` отменяет дефолт (переход по ссылке), не влияет на всплытие.\n- Не всплывают: `focus`/`blur` (есть `focusin`/`focusout`), `mouseenter`/`mouseleave`. Для них делегирование требует capture или -in/-out версий."}'::jsonb, ARRAY['event-delegation', 'bubbling-capturing', 'dom', 'browser-api']::text[]) on conflict (id) do nothing;
insert into anki.cards (id, note_id, deck_id, template_index, state) values ('b0c560a5-e171-b289-d0d3-28226da7a8c2', '8a8acefe-1aa1-5462-e4b5-dbef535d238d', '55555555-5555-5555-5555-555555550001', 0, 'new') on conflict (id) do nothing;
insert into anki.notes (id, note_type_id, deck_id, fields, tags) values ('c863e4bd-3567-d494-6030-641fe0dead35', '11111111-1111-1111-1111-111111110001', '55555555-5555-5555-5555-555555550001', '{"Front":"Чем fetch отличается от XHR и какие у fetch подводные камни (ошибки, тело, CORS)?","Back":"`fetch` — промис-based замена `XMLHttpRequest`.\n\n**Подводные камни:**\n- **Не реджектится на HTTP-ошибки** (404/500): промис резолвится, надо проверять `res.ok` / `res.status` вручную. Реджект только на сетевые сбои/CORS/abort.\n- Тело читается **один раз** (stream): `res.json()` после `res.text()` кинет ошибку. Для повторного — `res.clone()`.\n- По умолчанию **не шлёт куки** для cross-origin: нужен `credentials: ''include''`.\n- Не поддерживает progress загрузки нативно (нужен ReadableStream от `res.body`).\n- Не имеет встроенного таймаута — через `AbortSignal.timeout`.\n\n```js\nconst res = await fetch(url);\nif (!res.ok) throw new Error(`HTTP ${res.status}`);\nconst data = await res.json();\n```\n\n**CORS:** браузер для cross-origin делает preflight `OPTIONS` при «непростых» запросах; сервер должен вернуть `Access-Control-Allow-*`. `mode: ''no-cors''` даёт **opaque**-ответ (нельзя прочитать тело) — частая ловушка."}'::jsonb, ARRAY['fetch', 'cors', 'http', 'browser-api']::text[]) on conflict (id) do nothing;
insert into anki.cards (id, note_id, deck_id, template_index, state) values ('c96fa864-d3e1-9c78-cfb2-6f391c5d6877', 'c863e4bd-3567-d494-6030-641fe0dead35', '55555555-5555-5555-5555-555555550001', 0, 'new') on conflict (id) do nothing;
insert into anki.notes (id, note_type_id, deck_id, fields, tags) values ('2804a722-50a2-6f17-2088-fff85fd39042', '11111111-1111-1111-1111-111111110001', '55555555-5555-5555-5555-555555550001', '{"Front":"Чем отличаются localStorage, sessionStorage, cookies и IndexedDB?","Back":"| Хранилище | Объём | Время жизни | Доступ | Шлётся на сервер |\n|---|---|---|---|---|\n| **localStorage** | ~5-10MB | до явного удаления | синхронный, строки | нет |\n| **sessionStorage** | ~5MB | вкладка/сессия | синхронный | нет |\n| **cookies** | ~4KB | задаётся `expires` | строки | **да, с каждым запросом** |\n| **IndexedDB** | сотни MB+ | постоянное | асинхронный, структурир. | нет |\n\n**Нюансы:**\n- `localStorage`/`sessionStorage` **синхронны** — блокируют поток, не для больших данных; хранят только строки (объекты через `JSON`).\n- Привязаны к **origin** (protocol+host+port). `sessionStorage` не шарится между вкладками, `localStorage` — шарится (и эмитит событие `storage` в других вкладках — основа кросс-табовой синхронизации).\n- Cookies для аутентификации — флаги `HttpOnly` (недоступна из JS, защита от XSS), `Secure`, `SameSite` (защита от CSRF).\n- IndexedDB — для офлайн/больших структур; обычно через обёртки (idb, Dexie)."}'::jsonb, ARRAY['storage', 'localstorage', 'cookies', 'indexeddb', 'browser-api']::text[]) on conflict (id) do nothing;
insert into anki.cards (id, note_id, deck_id, template_index, state) values ('d22dcdb4-a699-543f-2d86-19e751ccaf08', '2804a722-50a2-6f17-2088-fff85fd39042', '55555555-5555-5555-5555-555555550001', 0, 'new') on conflict (id) do nothing;
insert into anki.notes (id, note_type_id, deck_id, fields, tags) values ('6d7abba4-0b08-cf47-aec9-989ae07e1929', '11111111-1111-1111-1111-111111110001', '55555555-5555-5555-5555-555555550001', '{"Front":"Зачем нужен requestAnimationFrame и чем он лучше setTimeout для анимаций?","Back":"`requestAnimationFrame(cb)` планирует колбэк **перед следующей перерисовкой** браузера (обычно ~60fps, синхронно с частотой монитора).\n\n**Преимущества над `setTimeout(cb, 16)`:**\n- Синхронизирован с циклом рендеринга → нет рассинхрона и дёрганья (jank).\n- **Пауза в фоновых вкладках** — экономит CPU/батарею (setTimeout продолжает тикать, хоть и троттлится до ~1с).\n- Колбэк получает high-res timestamp для расчёта дельты времени (анимация, независимая от FPS).\n\n```js\nfunction animate(ts) {\n  // двигаем по dt, а не по фиксированному шагу\n  el.style.transform = `translateX(${x}px)`;\n  if (notDone) requestAnimationFrame(animate);\n}\nrequestAnimationFrame(animate);\n```\n\n**Нюансы:** один rAF = один кадр, для непрерывной анимации вызывают рекурсивно; отмена — `cancelAnimationFrame(id)`. Тяжёлые вычисления в rAF всё равно блокируют кадр → для не-визуальной работы лучше `requestIdleCallback` или Web Worker. Чтение layout-свойств (`offsetHeight`) внутри после записи стилей вызывает **forced reflow** — батчить чтения/записи."}'::jsonb, ARRAY['raf', 'animation', 'rendering', 'browser-api']::text[]) on conflict (id) do nothing;
insert into anki.cards (id, note_id, deck_id, template_index, state) values ('0ae830c0-506c-7654-7a7c-ca1add4a3866', '6d7abba4-0b08-cf47-aec9-989ae07e1929', '55555555-5555-5555-5555-555555550001', 0, 'new') on conflict (id) do nothing;
insert into anki.notes (id, note_type_id, deck_id, fields, tags) values ('b2c929ff-8df4-8eea-c6c0-acbf20b7b308', '11111111-1111-1111-1111-111111110001', '55555555-5555-5555-5555-555555550001', '{"Front":"Что такое hoisting и чем поднятие var, let/const и функций отличается? Что такое TDZ?","Back":"**Hoisting** — на этапе компиляции движок «поднимает» объявления в начало области видимости.\n\n- **`var`** — поднимается и инициализируется `undefined`. Доступ до строки объявления → `undefined`, не ошибка.\n- **`function declaration`** — поднимается **целиком** (можно вызвать выше объявления).\n- **`let`/`const`** — поднимаются, но **не инициализируются**: попадают в **TDZ** (Temporal Dead Zone) от начала блока до строки объявления. Доступ в TDZ → `ReferenceError`.\n- **`function expression` / стрелки** — поднимается только переменная (по правилам её типа), не функция.\n\n```js\nconsole.log(a); // undefined (var)\nconsole.log(b); // ReferenceError (TDZ)\nfoo();          // работает (declaration)\nvar a = 1;\nlet b = 2;\nfunction foo() {}\n```\n\n**Зачем TDZ:** защищает от использования `let`/`const` до инициализации, делает поведение предсказуемым. `typeof` в TDZ тоже кидает (в отличие от необъявленных переменных, где `typeof` → `''undefined''`)."}'::jsonb, ARRAY['hoisting', 'tdz', 'scope', 'engine']::text[]) on conflict (id) do nothing;
insert into anki.cards (id, note_id, deck_id, template_index, state) values ('5465ab1e-6136-d3c2-c4aa-1cb05cb6eb2d', 'b2c929ff-8df4-8eea-c6c0-acbf20b7b308', '55555555-5555-5555-5555-555555550001', 0, 'new') on conflict (id) do nothing;
insert into anki.notes (id, note_type_id, deck_id, fields, tags) values ('a7df6ccb-34f8-0a43-ab91-455bbdbc9a14', '11111111-1111-1111-1111-111111110001', '55555555-5555-5555-5555-555555550001', '{"Front":"Как работает scope и lexical scope в JS? Чем отличается scope-цепочка от прототипной?","Back":"**Scope** — где доступна переменная. JS использует **лексическую (статическую) область видимости**: вложенность определяется **местом написания кода**, а не местом вызова.\n\n**Виды:**\n- Global scope.\n- Function scope (`var`, параметры).\n- Block scope (`let`/`const`, `{}`, тело `if`/`for`).\n\n**Scope chain:** при разрешении переменной движок ищет в текущем окружении, затем в родительском лексическом, до глобального. Это основа замыканий.\n\n```js\nlet x = ''global'';\nfunction outer() {\n  let x = ''outer'';\n  function inner() { return x; } // лексически видит outer\n  return inner();\n}\nouter(); // ''outer''\n```\n\n**Не путать со scope-цепочкой прототипов:**\n- **Scope chain** — для разрешения **переменных** (лексически, на этапе компиляции).\n- **Prototype chain** — для разрешения **свойств объекта** (динамически, в рантайме через `[[Prototype]]`).\n\nЭто два независимых механизма."}'::jsonb, ARRAY['scope', 'lexical-scope', 'scope-chain', 'engine']::text[]) on conflict (id) do nothing;
insert into anki.cards (id, note_id, deck_id, template_index, state) values ('aba59f0c-9f0e-5add-3dc7-d9dc176e1323', 'a7df6ccb-34f8-0a43-ab91-455bbdbc9a14', '55555555-5555-5555-5555-555555550001', 0, 'new') on conflict (id) do nothing;
insert into anki.notes (id, note_type_id, deck_id, fields, tags) values ('739039f1-3b72-bcbc-28e1-df67619f61d8', '11111111-1111-1111-1111-111111110001', '55555555-5555-5555-5555-555555550001', '{"Front":"Как V8 исполняет JS: интерпретация, JIT, hidden classes и инлайн-кеши?","Back":"V8 — конвейер из нескольких уровней:\n\n1. **Parser** → AST.\n2. **Ignition** — интерпретатор, генерирует и исполняет байткод (быстрый старт).\n3. **TurboFan** (и Sparkplug/Maglev) — оптимизирующий **JIT**: «горячий» код компилируется в машинный на основе профилирования типов.\n\n**Hidden Classes (Shapes/Maps):** V8 присваивает объектам скрытые классы по их структуре. Объекты с одинаковым набором свойств **в одном порядке** разделяют hidden class → быстрый доступ по смещению.\n\n**Inline Caches (IC):** запоминают, какой hidden class встречался в точке доступа `obj.x`, и кешируют путь.\n\n**Деоптимизация:** код возвращается к интерпретатору при нарушении предположений.\n\n**Что убивает оптимизацию:**\n- Добавление свойств в разном порядке / после создания → разные hidden classes (мегаморфизм IC).\n- `delete obj.prop` → переход в slow/dictionary mode.\n- Смешивание типов в массиве (числа + объекты) ломает elements kind.\n- Смена `[[Prototype]]` на лету.\n\n**Вывод:** инициализируй все поля в конструкторе в одном порядке, держи однотипные массивы."}'::jsonb, ARRAY['v8', 'jit', 'hidden-classes', 'inline-cache', 'engine']::text[]) on conflict (id) do nothing;
insert into anki.cards (id, note_id, deck_id, template_index, state) values ('dc733d3d-7685-f902-996c-d63722498729', '739039f1-3b72-bcbc-28e1-df67619f61d8', '55555555-5555-5555-5555-555555550001', 0, 'new') on conflict (id) do nothing;
insert into anki.notes (id, note_type_id, deck_id, fields, tags) values ('2a31c8fa-25ca-0f0d-28d8-43d64237ec05', '11111111-1111-1111-1111-111111110001', '55555555-5555-5555-5555-555555550001', '{"Front":"Как работает сборка мусора в JS и из-за чего возникают утечки памяти?","Back":"JS использует **mark-and-sweep**: GC периодически проходит от корней (global, стек, активные замыкания) и помечает достижимые объекты; недостижимые освобождаются. **Подсчёт ссылок не используется** в чистом виде (не ловит циклы) — достижимость решает.\n\nV8 — **generational GC**: молодые объекты в **new space** (быстрый Scavenge), выжившие переходят в **old space** (Mark-Compact). Большинство объектов умирают молодыми.\n\n**Типичные утечки:**\n- **Забытые таймеры/подписки** — `setInterval`/`addEventListener` держат замыкание и DOM. Всегда снимать в cleanup (в Vue — `onUnmounted`).\n- **Замыкания**, удерживающие большие структуры дольше нужного.\n- **Глобальные переменные** (случайные, без объявления в sloppy mode).\n- **Detached DOM** — JS-ссылка на удалённый из дерева узел.\n- Растущие `Map`/массивы-кеши без вытеснения.\n\n**Решение:** `WeakMap`/`WeakSet`/`WeakRef` — слабые ссылки, **не мешают GC** (ключи собираются, если на них нет других ссылок). Удобны для кешей и приватных данных, привязанных к объекту."}'::jsonb, ARRAY['garbage-collection', 'memory-leaks', 'weakmap', 'engine']::text[]) on conflict (id) do nothing;
insert into anki.cards (id, note_id, deck_id, template_index, state) values ('effd14be-187a-8051-5f30-b9d6fd6a4e43', '2a31c8fa-25ca-0f0d-28d8-43d64237ec05', '55555555-5555-5555-5555-555555550001', 0, 'new') on conflict (id) do nothing;

-- Собеседование · TypeScript (14)
insert into anki.decks (id, name, description, config) values ('55555555-5555-5555-5555-555555550002', 'Собеседование · TypeScript', 'Подготовка к собеседованию: TypeScript', '{"newCardsPerDay":30,"maxReviewsPerDay":300}'::jsonb) on conflict (id) do nothing;
insert into anki.notes (id, note_type_id, deck_id, fields, tags) values ('302c3bfc-ba9b-8b30-bb77-a7cf0f81371f', '11111111-1111-1111-1111-111111110001', '55555555-5555-5555-5555-555555550002', '{"Front":"Что такое structural typing (структурная типизация) в TypeScript и чем она отличается от номинальной? Какие из этого следуют грабли?","Back":"TypeScript использует **структурную** систему типов (\"duck typing\"): совместимость определяется по форме (набору свойств), а не по имени типа или явному наследованию. Если объект имеет все требуемые свойства подходящих типов — он совместим, даже если объявлен через другой тип/класс.\n\n```ts\ninterface Point { x: number; y: number }\nclass Vec { constructor(public x: number, public y: number) {} }\nconst p: Point = new Vec(1, 2); // OK — структуры совпадают\n```\n\n**Грабли и нюансы:**\n- **Лишние свойства (excess property checks)** ловятся только для *литералов объектов*, присваиваемых напрямую. Через промежуточную переменную проверка не срабатывает:\n```ts\ntype Cfg = { a: number };\nconst x: Cfg = { a: 1, b: 2 };   // Error: лишнее b\nconst tmp = { a: 1, b: 2 };\nconst y: Cfg = tmp;               // OK — excess check не применяется\n```\n- Два разных доменных типа с одинаковой формой взаимозаменяемы — нет защиты от смешивания (например `type UserId = string` и `type OrderId = string` совместимы). Решается **branded/nominal types**: `type UserId = string & { readonly __brand: unique symbol }`.\n- Классы с `private`/`#`-полями получают элемент номинальности: класс с приватным полем совместим только сам с собой."}'::jsonb, ARRAY['structural-typing', 'type-compatibility', 'branded-types', 'excess-property-check']::text[]) on conflict (id) do nothing;
insert into anki.cards (id, note_id, deck_id, template_index, state) values ('1825f667-0437-2ebe-d7c6-2ba253ac2c33', '302c3bfc-ba9b-8b30-bb77-a7cf0f81371f', '55555555-5555-5555-5555-555555550002', 0, 'new') on conflict (id) do nothing;
insert into anki.notes (id, note_type_id, deck_id, fields, tags) values ('ea92fed3-2f3c-bf74-dfe9-d0ed16785dc0', '11111111-1111-1111-1111-111111110001', '55555555-5555-5555-5555-555555550002', '{"Front":"В чём разница между any, unknown и never? Когда что использовать?","Back":"**`any`** — отключает проверку типов. Значение `any` можно присвоить чему угодно и вызвать любой метод — компилятор молчит. Это \"escape hatch\", который заражает код: ошибки уходят в рантайм. Используется минимально (миграция, сторонние нетипизированные либы).\n\n**`unknown`** — типобезопасный аналог `any`: принять можно что угодно, но **использовать нельзя без сужения** (narrowing) через type guard / проверку / assert.\n```ts\nfunction parse(json: string): unknown { return JSON.parse(json); }\nconst data = parse(s);\n// data.id;            // Error\nif (typeof data === ''object'' && data && ''id'' in data) {\n  // здесь data сужен\n}\n```\nИдеален для границ системы: ответы API, `JSON.parse`, `catch (e: unknown)`.\n\n**`never`** — тип, у которого нет значений. Возникает у функций, которые не возвращаются (`throw`/бесконечный цикл), как результат невозможного сужения, и как поглощающий элемент в union (`T | never === T`). Используется для **exhaustiveness checking**:\n```ts\nfunction assertNever(x: never): never { throw new Error(''unhandled: '' + x); }\n```\n\n**Соотношение:** `unknown` — верх (top type, всё ему присваиваемо), `never` — низ (bottom type, присваиваем всему). `any` стоит \"вне решётки\" — совместим в обе стороны, что и делает его опасным."}'::jsonb, ARRAY['any', 'unknown', 'never', 'top-bottom-types', 'exhaustiveness']::text[]) on conflict (id) do nothing;
insert into anki.cards (id, note_id, deck_id, template_index, state) values ('ce20feb3-52d6-84ed-f0ec-4ed777f5259d', 'ea92fed3-2f3c-bf74-dfe9-d0ed16785dc0', '55555555-5555-5555-5555-555555550002', 0, 'new') on conflict (id) do nothing;
insert into anki.notes (id, note_type_id, deck_id, fields, tags) values ('ea1ee6a4-8ee7-d289-932b-c407e54d85b2', '11111111-1111-1111-1111-111111110001', '55555555-5555-5555-5555-555555550002', '{"Front":"type vs interface: в чём отличия и что выбрать?","Back":"Оба описывают форму. Ключевые различия:\n\n| | `interface` | `type` |\n|---|---|---|\n| Declaration merging | да (объявления сливаются) | нет |\n| Расширение | `extends` | `&` (intersection) |\n| Union / tuple / primitive alias | нет | да |\n| Mapped/conditional types | нет | да |\n| Производительность проверок | чуть лучше кешируется | сложные типы могут быть тяжелее |\n\n**Declaration merging** — интерфейс с одним именем, объявленный несколько раз, объединяется. Это нужно для аугментации сторонних типов (`declare module`, расширение `Window`, добавление полей в `Vue`-инстанс через `ComponentCustomProperties`):\n```ts\ninterface Window { myGlobal: string }\n```\nС `type` так нельзя — будет ошибка дублирования.\n\n**Только `type` умеет:** union (`type T = A | B`), кортежи, алиасы примитивов, mapped/conditional типы, `infer`.\n\n**Тонкость с extends vs &:** `interface B extends A` проверяет совместимость сразу и даёт понятную ошибку; `A & B` при конфликте свойств молча даёт `never` для конфликтного поля.\n\n**Практика:** для публичных объектных контрактов и того, что может расширяться/аугментироваться — `interface`; для union, утилит, сложных вычисляемых типов — `type`. В одной кодовой базе главное — единообразие."}'::jsonb, ARRAY['type-vs-interface', 'declaration-merging', 'module-augmentation']::text[]) on conflict (id) do nothing;
insert into anki.cards (id, note_id, deck_id, template_index, state) values ('271375a5-bd8b-eac1-d571-a86079ae83a6', 'ea1ee6a4-8ee7-d289-932b-c407e54d85b2', '55555555-5555-5555-5555-555555550002', 0, 'new') on conflict (id) do nothing;
insert into anki.notes (id, note_type_id, deck_id, fields, tags) values ('e4600560-21bd-9375-95c9-1784d6f4dff1', '11111111-1111-1111-1111-111111110001', '55555555-5555-5555-5555-555555550002', '{"Front":"Union и intersection типы: семантика, и почему intersection несовместимых примитивов даёт never?","Back":"**Union (`A | B`)** — значение принадлежит *одному из* типов. Доступны только **общие** члены (то, что гарантированно есть в каждом варианте), пока не сделано сужение.\n\n**Intersection (`A & B`)** — значение принадлежит *обоим* типам одновременно; для объектов это \"слияние\" наборов свойств.\n```ts\ntype Named = { name: string };\ntype Aged = { age: number };\ntype Person = Named & Aged; // { name; age }\n```\n\n**Почему `string & number` = `never`:** не существует значения, которое одновременно строка и число, поэтому пересечение — пустой тип `never`. Аналогично intersection объектов с конфликтующими типами одного поля даёт `never` для этого поля.\n\n**Дистрибутивность и кардинальность (контринтуитивно):**\n- Union *расширяет* множество значений, но *сужает* доступный API (общие члены).\n- Intersection *сужает* множество значений, но *расширяет* API (все члены).\n\n**Грабли с функциями:** intersection функциональных типов ведёт себя как перегрузка, а union функций требует, чтобы аргумент подходил всем сигнатурам (контравариантность параметров):\n```ts\ntype F = ((x: string) => void) | ((x: number) => void);\n// f(arg) потребует arg: string & number => never\n```"}'::jsonb, ARRAY['union', 'intersection', 'never', 'variance']::text[]) on conflict (id) do nothing;
insert into anki.cards (id, note_id, deck_id, template_index, state) values ('a0568d3e-e391-cfd5-4225-77b3365cc0a9', 'e4600560-21bd-9375-95c9-1784d6f4dff1', '55555555-5555-5555-5555-555555550002', 0, 'new') on conflict (id) do nothing;
insert into anki.notes (id, note_type_id, deck_id, fields, tags) values ('d37f2e76-27e7-a28b-f44b-62c4d83b5bad', '11111111-1111-1111-1111-111111110001', '55555555-5555-5555-5555-555555550002', '{"Front":"Что такое narrowing? Перечисли механизмы сужения типов и их подводные камни.","Back":"**Narrowing** — сужение типа переменной в конкретной ветке на основе проверок, выполненных в рантайме. Компилятор отслеживает поток управления (control-flow analysis).\n\n**Механизмы:**\n- `typeof x === ''string''` — для примитивов. Грабли: `typeof null === ''object''`, `typeof [] === ''object''`.\n- `x instanceof Class` — для классов/прототипов.\n- `''prop'' in obj` — проверка наличия свойства (часто для discriminated unions без дискриминанта).\n- Truthiness: `if (x)` отсекает `null/undefined/0/''''/false` — осторожно с \"0\" и \"\".\n- Равенство: `x === literal`, сравнение двух переменных сужает обе.\n- **Дискриминированные union** по литеральному полю.\n- **User-defined type guards** (`x is T`) и **assertion functions** (`asserts x is T`).\n\n**Подводные камни:**\n- Сужение **сбрасывается после вызова функции** или замыкания, если переменная — `let` и могла быть переназначена. Внутри колбэков TS часто \"забывает\" сужение.\n```ts\nlet v: string | null = get();\nif (v) {\n  arr.forEach(() => { v.length; }); // Error: v снова string|null\n}\n```\n- `const`-переменные и поля сужаются стабильнее, чем `let`.\n- Опциональная цепочка `a?.b` сама не сужает `a` для последующих обращений."}'::jsonb, ARRAY['narrowing', 'control-flow-analysis', 'typeof', 'instanceof', 'in-operator']::text[]) on conflict (id) do nothing;
insert into anki.cards (id, note_id, deck_id, template_index, state) values ('1591ef8a-a6c3-8879-11e7-d9198e24eda9', 'd37f2e76-27e7-a28b-f44b-62c4d83b5bad', '55555555-5555-5555-5555-555555550002', 0, 'new') on conflict (id) do nothing;
insert into anki.notes (id, note_type_id, deck_id, fields, tags) values ('ede5bd30-1046-712e-f59b-8a17a3d37fd2', '11111111-1111-1111-1111-111111110001', '55555555-5555-5555-5555-555555550002', '{"Front":"User-defined type guards и assertion functions: синтаксис, зачем нужны, чем опасны?","Back":"**Type guard (предикат `x is T`)** — функция, возвращающая `boolean`, после `true` которой TS сужает тип аргумента:\n```ts\nfunction isString(x: unknown): x is string {\n  return typeof x === ''string'';\n}\nif (isString(v)) v.toUpperCase(); // v: string\n```\n\n**Assertion function (`asserts ...`)** — не возвращает значение, а *бросает*, если условие ложно; после вызова тип считается суженным:\n```ts\nfunction assert(c: unknown, msg?: string): asserts c {\n  if (!c) throw new Error(msg);\n}\nfunction assertIsUser(x: unknown): asserts x is User { /* ... */ }\n```\n\n**Зачем:** инкапсулировать рантайм-проверку и переиспользовать сужение; работать с `unknown` на границах (API, парсинг).\n\n**Чем опасны:** предикат/ассерт — это **обещание программиста**, не проверяемое компилятором. Если тело guard''а врёт (вернёт `true` без реальной проверки) — получаем ложную безопасность и краш в рантайме. Это, по сути, типизированный `as`-каст. Поэтому guard должен реально проверять структуру, а лучше использовать схемные валидаторы (zod/valibot), у которых infer-тип и проверка синхронизированы автоматически."}'::jsonb, ARRAY['type-guards', 'type-predicate', 'assertion-functions', 'runtime-validation']::text[]) on conflict (id) do nothing;
insert into anki.cards (id, note_id, deck_id, template_index, state) values ('de02c614-9eda-4286-c536-813ad9f2a6b9', 'ede5bd30-1046-712e-f59b-8a17a3d37fd2', '55555555-5555-5555-5555-555555550002', 0, 'new') on conflict (id) do nothing;
insert into anki.notes (id, note_type_id, deck_id, fields, tags) values ('d554a2c0-e0d2-d003-cdad-01f93b6d5b08', '11111111-1111-1111-1111-111111110001', '55555555-5555-5555-5555-555555550002', '{"Front":"Discriminated unions (размеченные объединения): как устроены и почему это лучший способ моделировать варианты состояния?","Back":"**Discriminated union** — union объектных типов с общим **литеральным** полем-дискриминантом. По значению дискриминанта TS точно сужает к нужному варианту.\n```ts\ntype Result =\n  | { status: ''loading'' }\n  | { status: ''success''; data: User }\n  | { status: ''error''; error: Error };\n\nfunction render(r: Result) {\n  switch (r.status) {\n    case ''loading'': return ''...'';\n    case ''success'': return r.data.name;   // data доступно только здесь\n    case ''error'':   return r.error.message;\n    default: { const _: never = r; return _; } // exhaustiveness\n  }\n}\n```\n\n**Почему лучший подход к state:** делает невозможными невалидные состояния. Вместо набора независимых флагов (`isLoading`, `data`, `error`), где можно по ошибке выставить `isLoading && error` одновременно, состояние ограничено валидными комбинациями. \"Make illegal states unrepresentable.\"\n\n**Exhaustiveness check** через `never` в `default`: если добавить новый вариант и забыть ветку — компилятор укажет на ошибку присваивания `r` к `never`.\n\n**Требования:** дискриминант — *литеральный* тип (строка/число/булев/enum), а не `string`. Для Vue это идеальная модель для useAsyncState/запросов, заменяющая множественные ref-флаги."}'::jsonb, ARRAY['discriminated-union', 'tagged-union', 'exhaustiveness', 'state-modeling']::text[]) on conflict (id) do nothing;
insert into anki.cards (id, note_id, deck_id, template_index, state) values ('70bf7911-b807-f386-68f0-80b3fe264c11', 'd554a2c0-e0d2-d003-cdad-01f93b6d5b08', '55555555-5555-5555-5555-555555550002', 0, 'new') on conflict (id) do nothing;
insert into anki.notes (id, note_type_id, deck_id, fields, tags) values ('01aa688f-1117-a51e-805e-14fbf27c77d2', '11111111-1111-1111-1111-111111110001', '55555555-5555-5555-5555-555555550002', '{"Front":"Generics: зачем нужны, что такое ограничения (constraints) и значения по умолчанию?","Back":"**Generics** — параметризация типом, позволяющая писать переиспользуемый код, сохраняя связь между входом и выходом (в отличие от `any`, который связь рвёт).\n```ts\nfunction identity<T>(x: T): T { return x; }\n```\n\n**Constraints (`extends`)** — ограничивают, какие типы допустимы, и дают доступ к свойствам внутри тела:\n```ts\nfunction longest<T extends { length: number }>(a: T, b: T): T {\n  return a.length >= b.length ? a : b;\n}\n```\n\n**Default-параметры:** `class Box<T = string> {}`.\n\n**Связанные параметры** — частый паттерн типобезопасного доступа:\n```ts\nfunction prop<T, K extends keyof T>(obj: T, key: K): T[K] {\n  return obj[key];\n}\n```\n\n**Подводные камни:**\n- **Не вводите параметр, который используется один раз** (особенно только в одном месте сигнатуры) — это \"return-type-only generic\" антипаттерн, маскирующий приведение типа.\n- **Инференс vs явное указание:** TS выводит `T` из аргументов; иногда выводит слишком широко (литерал → `string`) — лечится `const`-параметрами (`<const T>`) или `as const`.\n- Чрезмерная генеричность ухудшает читаемость и сообщения об ошибках. Дженерик оправдан, когда **связывает** несколько позиций (вход↔выход, ключ↔значение)."}'::jsonb, ARRAY['generics', 'constraints', 'default-type-params', 'type-inference']::text[]) on conflict (id) do nothing;
insert into anki.cards (id, note_id, deck_id, template_index, state) values ('5e3e4390-504c-9134-015a-1c3c150378f0', '01aa688f-1117-a51e-805e-14fbf27c77d2', '55555555-5555-5555-5555-555555550002', 0, 'new') on conflict (id) do nothing;
insert into anki.notes (id, note_type_id, deck_id, fields, tags) values ('27204011-d4f5-7008-ef82-501e80939ff4', '11111111-1111-1111-1111-111111110001', '55555555-5555-5555-5555-555555550002', '{"Front":"keyof, typeof (в типовом контексте) и indexed access types — как они работают вместе?","Back":"**`keyof T`** — union строковых/числовых/символьных литералов всех публичных ключей `T`:\n```ts\ntype P = { a: number; b: string };\ntype K = keyof P; // ''a'' | ''b''\n```\n\n**`typeof value`** (в *типовой* позиции) — извлекает тип из значения. Полезно, чтобы вывести тип из существующей константы/конфига:\n```ts\nconst config = { host: ''x'', port: 80 };\ntype Config = typeof config; // { host: string; port: number }\n```\n\n**Indexed access `T[K]`** — тип значения по ключу (lookup type):\n```ts\ntype V = P[''a''];          // number\ntype All = P[keyof P];    // number | string (union всех значений)\ntype Item = Arr[number];  // тип элемента массива/кортежа\n```\n\n**Комбинация — самый частый идиом:** вывести union значений из `as const`-объекта:\n```ts\nconst ROLES = [''admin'', ''user'', ''guest''] as const;\ntype Role = typeof ROLES[number]; // ''admin'' | ''user'' | ''guest''\n\nconst STATUS = { ok: 200, notFound: 404 } as const;\ntype Code = typeof STATUS[keyof typeof STATUS]; // 200 | 404\n```\nЭто заменяет дублирование между рантайм-значениями и типами: единый источник правды.\n\n**Нюанс:** без `as const` массив выведется как `string[]`, и `[number]` даст просто `string` — литеральная точность потеряется."}'::jsonb, ARRAY['keyof', 'typeof-type', 'indexed-access', 'as-const', 'lookup-types']::text[]) on conflict (id) do nothing;
insert into anki.cards (id, note_id, deck_id, template_index, state) values ('4d49dd1a-1087-c5a7-a6a3-b17c464e1b45', '27204011-d4f5-7008-ef82-501e80939ff4', '55555555-5555-5555-5555-555555550002', 0, 'new') on conflict (id) do nothing;
insert into anki.notes (id, note_type_id, deck_id, fields, tags) values ('44e7e6db-da07-a3c0-a7c6-d835e29dd339', '11111111-1111-1111-1111-111111110001', '55555555-5555-5555-5555-555555550002', '{"Front":"Mapped types: синтаксис, модификаторы (+/- readonly, ?), key remapping через as.","Back":"**Mapped type** итерируется по union ключей и порождает новый объектный тип:\n```ts\ntype Mapped<T> = { [K in keyof T]: T[K] };\n```\n\n**Модификаторы** добавляют/снимают `readonly` и `?`:\n```ts\ntype Mutable<T>  = { -readonly [K in keyof T]: T[K] };  // снять readonly\ntype Required<T> = { [K in keyof T]-?: T[K] };          // снять optional\ntype Partial<T>  = { [K in keyof T]+?: T[K] };          // добавить optional\n```\n(`+` подразумевается по умолчанию, обычно пишут без него.)\n\n**Key remapping (`as`)** — переименование/фильтрация ключей (с TS 4.1):\n```ts\ntype Getters<T> = {\n  [K in keyof T as `get${Capitalize<string & K>}`]: () => T[K];\n};\n// фильтрация: вернуть never в as — ключ исчезает\ntype RemoveKey<T, X> = { [K in keyof T as K extends X ? never : K]: T[K] };\n```\n\n**Важные нюансы:**\n- **Homomorphic mapped types** (вида `[K in keyof T]`) *сохраняют* модификаторы исходного типа и корректно работают с массивами/кортежами. Если итерироваться по произвольному union (`[K in SomeUnion]`) — гомоморфность теряется.\n- Внутри можно комбинировать с conditional types и `T[K]` для трансформации значений.\n- Шаблонные литеральные типы (`` `get${...}` ``) делают возможной генерацию строковых ключей."}'::jsonb, ARRAY['mapped-types', 'key-remapping', 'modifiers', 'homomorphic', 'template-literal-types']::text[]) on conflict (id) do nothing;
insert into anki.cards (id, note_id, deck_id, template_index, state) values ('1f7d8461-9df0-68d7-8752-889dffbc02ec', '44e7e6db-da07-a3c0-a7c6-d835e29dd339', '55555555-5555-5555-5555-555555550002', 0, 'new') on conflict (id) do nothing;
insert into anki.notes (id, note_type_id, deck_id, fields, tags) values ('2a403eda-62a5-4174-6733-11e91589d29b', '11111111-1111-1111-1111-111111110001', '55555555-5555-5555-5555-555555550002', '{"Front":"Conditional types и infer: как работают, что такое дистрибутивность?","Back":"**Conditional type** — тип-тернарник: `T extends U ? X : Y`.\n```ts\ntype IsString<T> = T extends string ? true : false;\n```\n\n**`infer`** — захват типа в позиции `extends` в новую переменную типа:\n```ts\ntype ElementType<T> = T extends (infer E)[] ? E : T;\ntype ReturnType<T> = T extends (...a: any[]) => infer R ? R : never;\ntype Awaited2<T> = T extends Promise<infer V> ? V : T;\n```\n\n**Дистрибутивность (distributive conditional types):** если проверяемый тип — \"голый\" type-параметр и на вход подан union, условие применяется к *каждому члену по отдельности*, результаты собираются обратно в union:\n```ts\ntype ToArray<T> = T extends any ? T[] : never;\ntype R = ToArray<string | number>; // string[] | number[]  (не (string|number)[])\n```\n\n**Как отключить дистрибутивность** — обернуть в кортеж (\"naked\" → \"clothed\"):\n```ts\ntype ToArray2<T> = [T] extends [any] ? T[] : never;\ntype R2 = ToArray2<string | number>; // (string | number)[]\n```\n\n**Грабли:**\n- Дистрибутивность над `never` даёт `never` (пустой union → \"ничего не итерируется\").\n- `boolean` это `true | false`, поэтому распределяется на два случая.\n- При нескольких `infer` одной переменной в ковариантной позиции — union, в контравариантной (параметры функции) — intersection."}'::jsonb, ARRAY['conditional-types', 'infer', 'distributive-conditional-types', 'variance']::text[]) on conflict (id) do nothing;
insert into anki.cards (id, note_id, deck_id, template_index, state) values ('99415be9-e74f-7305-e7f0-2badd7c02c3c', '2a403eda-62a5-4174-6733-11e91589d29b', '55555555-5555-5555-5555-555555550002', 0, 'new') on conflict (id) do nothing;
insert into anki.notes (id, note_type_id, deck_id, fields, tags) values ('3bc981bf-71cb-5a82-0371-4710fe40aa61', '11111111-1111-1111-1111-111111110001', '55555555-5555-5555-5555-555555550002', '{"Front":"Разбери реализацию ключевых utility types: Partial, Required, Readonly, Pick, Omit, Record, Exclude, Extract, ReturnType.","Back":"Все они выражаются через mapped/conditional типы — полезно знать наизусть:\n\n```ts\ntype Partial<T>  = { [K in keyof T]?: T[K] };\ntype Required<T> = { [K in keyof T]-?: T[K] };\ntype Readonly<T> = { readonly [K in keyof T]: T[K] };\n\ntype Pick<T, K extends keyof T> = { [P in K]: T[P] };\ntype Record<K extends keyof any, T> = { [P in K]: T };\n\n// Exclude/Extract — дистрибутивные conditional\ntype Exclude<T, U> = T extends U ? never : T;\ntype Extract<T, U> = T extends U ? T : never;\n\n// Omit построен на Pick + Exclude\ntype Omit<T, K extends keyof any> = Pick<T, Exclude<keyof T, K>>;\n\ntype NonNullable<T> = T & {}; // современный вариант, отсекает null|undefined\ntype ReturnType<T extends (...a: any) => any> =\n  T extends (...a: any) => infer R ? R : any;\ntype Parameters<T extends (...a: any) => any> =\n  T extends (...a: infer P) => any ? P : never;\n```\n\n**Подводные камни:**\n- **`Omit` не \"распределяется\" по union** и не проверяет, что ключ существует в `T` (`K extends keyof any`), поэтому опечатка в ключе не ловится. Для union полезен \"DistributiveOmit\".\n- `Partial` рекурсивно НЕ работает — нужен собственный `DeepPartial`.\n- `Record<string, T>` подразумевает, что доступ по *любому* ключу даёт `T` (без `undefined`), что небезопасно — спасает флаг `noUncheckedIndexedAccess`.\n- `Pick`/`Omit` теряют дискриминированность union''а (\"схлопывают\" варианты)."}'::jsonb, ARRAY['utility-types', 'partial', 'pick-omit', 'record', 'exclude-extract', 'return-type']::text[]) on conflict (id) do nothing;
insert into anki.cards (id, note_id, deck_id, template_index, state) values ('4dac8b7e-288a-c78d-650c-908ab77224a4', '3bc981bf-71cb-5a82-0371-4710fe40aa61', '55555555-5555-5555-5555-555555550002', 0, 'new') on conflict (id) do nothing;
insert into anki.notes (id, note_type_id, deck_id, fields, tags) values ('3a0816a6-8e5d-43b7-1bda-d4ff0dc3def4', '11111111-1111-1111-1111-111111110001', '55555555-5555-5555-5555-555555550002', '{"Front":"noUncheckedIndexedAccess и strictNullChecks: что меняют и почему важны для сениора?","Back":"**`strictNullChecks`** (часть `strict`) — `null` и `undefined` перестают быть членами всех типов и становятся отдельными. Без него `string` молча включает `null`, и `obj.field.method()` упадёт в рантайме без предупреждения. С ним обращение к возможному `null` — ошибка компиляции, заставляющая обрабатывать отсутствие значения.\n```ts\nconst el = document.querySelector(''.x''); // Element | null\nel.textContent;        // Error без сужения\nel?.textContent;       // OK\n```\n\n**`noUncheckedIndexedAccess`** — доступ по индексу/произвольному ключу к массиву или index-signature добавляет `| undefined`, отражая реальность (элемента может не быть):\n```ts\nconst arr: number[] = [1, 2];\nconst x = arr[10];   // number | undefined (а не number)\nconst rec: Record<string, User> = {};\nrec[''missing''].name; // Error — может быть undefined\n```\n\n**Почему важно:** оба флага устраняют целый класс рантайм-ошибок \"cannot read property of undefined\". `noUncheckedIndexedAccess` не входит в `strict` и часто забыт — но именно он ловит самые коварные баги при работе с map''ами/словарями и массивами по индексу. Трейдофф: больше проверок/`!`/сужений в коде; в горячих циклах с гарантированно валидным индексом иногда оправдан локальный `!` или каст, но осознанный."}'::jsonb, ARRAY['strict-null-checks', 'no-unchecked-indexed-access', 'tsconfig', 'null-safety']::text[]) on conflict (id) do nothing;
insert into anki.cards (id, note_id, deck_id, template_index, state) values ('0e073988-3d2d-8da8-4803-18ef679d3902', '3a0816a6-8e5d-43b7-1bda-d4ff0dc3def4', '55555555-5555-5555-5555-555555550002', 0, 'new') on conflict (id) do nothing;
insert into anki.notes (id, note_type_id, deck_id, fields, tags) values ('f0f6ba46-3a94-886f-374a-b229a3fb880f', '11111111-1111-1111-1111-111111110001', '55555555-5555-5555-5555-555555550002', '{"Front":"Ковариантность, контравариантность и bivariance параметров: почему методы и свойства-функции ведут себя по-разному?","Back":"**Вариантность** описывает, как совместимость generic/функциональных типов зависит от совместимости их составляющих.\n\n- **Ковариантность:** если `Dog <: Animal`, то `T<Dog> <: T<Animal>`. Так ведут себя *возвращаемые значения* и обычно read-позиции (`readonly T[]`).\n- **Контравариантность:** для *параметров функций* направление обратное. `(x: Animal) => void` присваиваемо `(x: Dog) => void` (функция, принимающая больше, годится там, где нужна принимающая меньше). Это безопасно.\n\n```ts\ntype Handler<T> = (x: T) => void;\nlet ha: Handler<Animal>;\nlet hd: Handler<Dog>;\nhd = ha; // OK (контравариантность параметров при strictFunctionTypes)\n```\n\n**Bivariance (грабли):** при **`strictFunctionTypes: false`** или для параметров, объявленных **методом** (`method(x: T): void`), а не свойством-функцией (`method: (x: T) => void`), TS использует *бивариантную* проверку — параметры совместимы в обе стороны. Это намеренная дыра ради эргономики (например массивы, DOM event handlers), но она *небезопасна*:\n```ts\ninterface A { f(x: Animal): void }   // метод — бивариантно\ninterface B { f: (x: Animal) => void } // свойство — строго контравариантно при strictFunctionTypes\n```\n\n**Практический вывод:** включайте `strictFunctionTypes`; помните, что объявление колбэка как *метода* интерфейса ослабляет проверку. Массивы в TS ковариантны (тоже небезопасно: `Dog[]` присваивается `Animal[]`, но push `Cat` сломает)."}'::jsonb, ARRAY['variance', 'covariance', 'contravariance', 'bivariance', 'strict-function-types']::text[]) on conflict (id) do nothing;
insert into anki.cards (id, note_id, deck_id, template_index, state) values ('e5c1882c-a19d-3bb2-699f-0e1d3eaff00a', 'f0f6ba46-3a94-886f-374a-b229a3fb880f', '55555555-5555-5555-5555-555555550002', 0, 'new') on conflict (id) do nothing;

-- Собеседование · HTML / CSS (31)
insert into anki.decks (id, name, description, config) values ('55555555-5555-5555-5555-555555550003', 'Собеседование · HTML / CSS', 'Подготовка к собеседованию: вёрстка, CSS, браузер', '{"newCardsPerDay":30,"maxReviewsPerDay":300}'::jsonb) on conflict (id) do nothing;
insert into anki.notes (id, note_type_id, deck_id, fields, tags) values ('499ca739-e24f-289e-2bc0-c0957fb81b69', '11111111-1111-1111-1111-111111110001', '55555555-5555-5555-5555-555555550003', '{"Front":"Что такое stacking context (контекст наложения) и как он создаётся? Почему z-index не всегда работает как ожидаешь?","Back":"**Stacking context** — это локальная \"вселенная\" наложения элементов по оси Z. `z-index` сравнивается **только внутри одного контекста**: элемент с `z-index: 9999` внутри родителя с `z-index: 1` никогда не перекроет соседа родителя с `z-index: 2`.\n\nКонтекст создаётся:\n- корнем документа (`<html>`);\n- `position` (relative/absolute/fixed/sticky) **+ z-index != auto**;\n- `position: fixed/sticky` (сами по себе);\n- `opacity < 1`;\n- `transform`, `filter`, `perspective`, `clip-path`, `mask` != none;\n- `will-change` со значением, которое создаёт контекст;\n- `isolation: isolate` (специально для этого и нужен);\n- flex/grid-ребёнок с `z-index != auto`;\n- `mix-blend-mode != normal`, `contain: layout/paint/strict`.\n\n**Подводный камень:** добавление `transform` или `opacity` ради анимации внезапно \"запирает\" z-index детей. Лечится либо переносом элемента вверх по дереву, либо `isolation: isolate` на нужном уровне, чтобы явно управлять границей."}'::jsonb, ARRAY['positioning', 'z-index', 'stacking-context']::text[]) on conflict (id) do nothing;
insert into anki.cards (id, note_id, deck_id, template_index, state) values ('edc9f606-8088-db2d-60aa-ef598d19931f', '499ca739-e24f-289e-2bc0-c0957fb81b69', '55555555-5555-5555-5555-555555550003', 0, 'new') on conflict (id) do nothing;
insert into anki.notes (id, note_type_id, deck_id, fields, tags) values ('d0b2bc3c-03ca-eff6-3851-1c60d07f3bb6', '11111111-1111-1111-1111-111111110001', '55555555-5555-5555-5555-555555550003', '{"Front":"Чем отличаются position: relative, absolute, fixed и sticky? Относительно чего позиционируется каждый?","Back":"- **static** — дефолт, в потоке, top/left игнорируются.\n- **relative** — остаётся в потоке (место сохраняется), сдвигается относительно своей нормальной позиции; создаёт **containing block** для absolute-детей.\n- **absolute** — выпадает из потока, позиционируется относительно **ближайшего позиционированного предка** (не static), либо относительно `transform`/`filter`/`contain`-предка, иначе — initial containing block (вьюпорт).\n- **fixed** — выпадает из потока, относительно **вьюпорта**. НО: любой `transform`/`filter`/`perspective`/`will-change` у предка делает его новым containing block — и fixed начинает скроллиться вместе с ним (частый баг с модалками внутри transformed-контейнеров).\n- **sticky** — гибрид: в потоке как relative, пока не достигнет порога (`top`/`bottom`...), затем \"прилипает\". Работает в рамках **ближайшего скролл-контейнера** и только пока виден родитель; ломается, если у предка `overflow: hidden/auto` обрезает контекст."}'::jsonb, ARRAY['positioning', 'position', 'sticky']::text[]) on conflict (id) do nothing;
insert into anki.cards (id, note_id, deck_id, template_index, state) values ('8cae6f25-287b-f48e-f6fe-b154a510f00b', 'd0b2bc3c-03ca-eff6-3851-1c60d07f3bb6', '55555555-5555-5555-5555-555555550003', 0, 'new') on conflict (id) do nothing;
insert into anki.notes (id, note_type_id, deck_id, fields, tags) values ('6d42cf8f-f9d8-acf7-f343-e9ade28d7d15', '11111111-1111-1111-1111-111111110001', '55555555-5555-5555-5555-555555550003', '{"Front":"Как работают CSS Custom Properties (переменные)? Чем они принципиально отличаются от препроцессорных переменных SCSS?","Back":"Объявление через `--name: value`, чтение через `var(--name, fallback)`.\n\n**Ключевые отличия от SCSS:**\n- **Рантайм, а не compile-time.** Их можно менять из JS (`el.style.setProperty`), в media-queries, по `:hover`, в разных темах — SCSS-переменные \"запекаются\" при сборке.\n- **Наследуются по DOM и каскадируются.** Значение берётся из ближайшего предка; меняешь на `:root` — меняется везде, меняешь на компоненте — локально.\n- **Динамическая подстановка.** `var()` резолвится в момент применения, поэтому работает с наследованием и переопределением темы без пересборки.\n\n**Подводные камни:**\n- Тип не валидируется: `--gap: 10` без единиц в `width: var(--gap)` даст невалидное значение. Лечится `calc(var(--gap) * 1px)` или `@property` с `syntax`.\n- Fallback: `var(--x, var(--y, 10px))` — можно цепочкой.\n- `@property` (Houdini) позволяет задать `syntax`, `inherits`, `initial-value` — и тогда переменную **можно анимировать** (обычные кастом-свойства анимируются как дискретные)."}'::jsonb, ARRAY['custom-properties', 'css-variables', 'houdini']::text[]) on conflict (id) do nothing;
insert into anki.cards (id, note_id, deck_id, template_index, state) values ('7891a245-85bb-c590-93c4-6ea95aa66e5f', '6d42cf8f-f9d8-acf7-f343-e9ade28d7d15', '55555555-5555-5555-5555-555555550003', 0, 'new') on conflict (id) do nothing;
insert into anki.notes (id, note_type_id, deck_id, fields, tags) values ('82e83104-900e-cf3a-4f82-4449f9763bdf', '11111111-1111-1111-1111-111111110001', '55555555-5555-5555-5555-555555550003', '{"Front":"Что выведет наследование CSS-переменной: где она резолвится и почему var() может \"сломать\" значение целиком?","Back":"Custom properties **наследуются как обычные свойства**: ребёнок видит значение, вычисленное на ближайшем предке, у которого оно задано.\n\n```css\n:root { --color: black; }\n.box { --color: red; }\n.box p { color: var(--color); } /* red */\n```\n\n**Важный нюанс — \"invalid at computed-value time\":** если `var()` подставляет невалидное для свойства значение, браузер НЕ откатывается к предыдущему правилу каскада, а применяет **inherited или initial** значение свойства.\n\n```css\n.x { --w: foo; width: 100px; width: var(--w); } /* width станет auto (initial), а не 100px */\n```\n\nЭто отличается от обычного невалидного CSS, где правило просто игнорируется и берётся предыдущее. Поэтому fallback в `var()` — это не страховка от плохого *значения переменной*, а только от её *отсутствия*."}'::jsonb, ARRAY['custom-properties', 'css-variables', 'inheritance']::text[]) on conflict (id) do nothing;
insert into anki.cards (id, note_id, deck_id, template_index, state) values ('18649b0e-c17f-63dc-44e5-f76296f4300b', '82e83104-900e-cf3a-4f82-4449f9763bdf', '55555555-5555-5555-5555-555555550003', 0, 'new') on conflict (id) do nothing;
insert into anki.notes (id, note_type_id, deck_id, fields, tags) values ('89951beb-2642-54fc-93aa-fc2806df7ae6', '11111111-1111-1111-1111-111111110001', '55555555-5555-5555-5555-555555550003', '{"Front":"Разница между псевдоэлементами (::before/::after) и псевдоклассами (:hover, :nth-child)? Почему ::before иногда не отображается?","Back":"- **Псевдокласс** (`:hover`, `:focus`, `:checked`, `:nth-child`) — выбирает существующий элемент в определённом **состоянии/позиции**.\n- **Псевдоэлемент** (`::before`, `::after`, `::first-line`, `::selection`, `::placeholder`, `::marker`) — создаёт/выбирает **виртуальную часть** элемента, которой нет в DOM.\n\n`::before/::after`:\n- **обязателен `content`** (хотя бы `content: \"\"`), иначе элемент не генерируется — самая частая причина \"не работает\";\n- по умолчанию `display: inline` — для размеров нужен `inline-block`/`block`;\n- **не работают на replaced-элементах** (`img`, `input`, `br`), т.к. у них нет содержимого для вставки до/после;\n- являются детьми элемента (внутри него), а не соседями.\n\nСинтаксис: один двоеточие (`:before`) — это устаревший CSS2-синтаксис псевдоэлементов, оставлен для совместимости; современный — два (`::before`)."}'::jsonb, ARRAY['pseudo-elements', 'pseudo-classes', 'selectors']::text[]) on conflict (id) do nothing;
insert into anki.cards (id, note_id, deck_id, template_index, state) values ('b203ca33-0835-a24f-e1fb-4d0deef0208f', '89951beb-2642-54fc-93aa-fc2806df7ae6', '55555555-5555-5555-5555-555555550003', 0, 'new') on conflict (id) do nothing;
insert into anki.notes (id, note_type_id, deck_id, fields, tags) values ('a9b7a5b2-c472-d549-cfe6-cb84f56435bf', '11111111-1111-1111-1111-111111110001', '55555555-5555-5555-5555-555555550003', '{"Front":"Как работает :nth-child() и чем он отличается от :nth-of-type()? Что значит формула an+b?","Back":"`:nth-child(an+b)` считает позицию среди **всех** детей родителя; `:nth-of-type(an+b)` — среди детей **того же тега**.\n\n```css\nli:nth-child(2n)      /* чётные: 2,4,6 */\nli:nth-child(2n+1)    /* нечётные: 1,3,5 (== odd) */\nli:nth-child(3)       /* третий */\nli:nth-child(-n+3)    /* первые три */\nli:nth-last-child(2)  /* второй с конца */\np:nth-of-type(odd)    /* нечётные именно <p> */\n```\n\n`n` идёт 0,1,2,...; `a` — шаг, `b` — смещение.\n\n**Ловушка:** `p:nth-child(2)` сработает, только если 2-й ребёнок вообще `<p>`. Если перед `<p>` стоит `<h2>`, то `p:nth-child(2)` выберет p на позиции 2, а не \"второй параграф\". Когда нужен именно второй параграф независимо от других тегов — `:nth-of-type`.\n\nСовременная альтернатива: `:nth-child(2 of .item)` — n-й среди детей, **подходящих под селектор**."}'::jsonb, ARRAY['pseudo-classes', 'nth-child', 'selectors']::text[]) on conflict (id) do nothing;
insert into anki.cards (id, note_id, deck_id, template_index, state) values ('bb3b2530-c232-bd28-9c20-ec05089d27b3', 'a9b7a5b2-c472-d549-cfe6-cb84f56435bf', '55555555-5555-5555-5555-555555550003', 0, 'new') on conflict (id) do nothing;
insert into anki.notes (id, note_type_id, deck_id, fields, tags) values ('d41d21f3-cb7f-d621-5432-b7a3d92de4cb', '11111111-1111-1111-1111-111111110001', '55555555-5555-5555-5555-555555550003', '{"Front":"В чём разница :focus, :focus-within и :focus-visible? Почему :focus-visible важен для UX?","Back":"- **`:focus`** — элемент в фокусе (любым способом: мышь, клавиатура, программно).\n- **`:focus-within`** — элемент **или любой его потомок** в фокусе. Полезно подсветить всю форму/группу при фокусе на инпуте без JS.\n- **`:focus-visible`** — фокус, который браузер по эвристике считает заслуживающим видимой обводки (как правило, навигация **с клавиатуры**, а не клик мышью).\n\n**Зачем `:focus-visible`:** раньше дизайнеры убирали `outline: none` ради эстетики кликов мышью и ломали доступность для клавиатурных пользователей. Теперь правильный паттерн:\n\n```css\n:focus { outline: none; }\n:focus-visible { outline: 2px solid #06f; outline-offset: 2px; }\n```\n\nМышь не показывает обводку, Tab — показывает. Никогда не убирай фокус-индикатор глобально без замены."}'::jsonb, ARRAY['pseudo-classes', 'focus', 'accessibility']::text[]) on conflict (id) do nothing;
insert into anki.cards (id, note_id, deck_id, template_index, state) values ('4d3118ae-9a00-0952-bf4a-dd3712c13fda', 'd41d21f3-cb7f-d621-5432-b7a3d92de4cb', '55555555-5555-5555-5555-555555550003', 0, 'new') on conflict (id) do nothing;
insert into anki.notes (id, note_type_id, deck_id, fields, tags) values ('20a3d443-e259-e6ea-8b56-efb2a5c68e90', '11111111-1111-1111-1111-111111110001', '55555555-5555-5555-5555-555555550003', '{"Front":"Какие типы input существуют и зачем они нужны помимо визуала? Что даёт правильный type на мобильных?","Back":"Тип влияет не только на вид, но и на **поведение, валидацию и UX**:\n- `email`, `url`, `tel`, `number`, `search` — на мобильных вызывают **подходящую клавиатуру** (цифровую, с @ и т.д.), дают встроенную валидацию формата (email/url).\n- `date`, `time`, `datetime-local`, `month`, `week` — нативные пикеры.\n- `range` — слайдер; `color` — color picker; `file` — выбор файла (+ `accept`, `multiple`, `capture`).\n- `checkbox`/`radio` — группируются по `name`.\n- `password`, `hidden`.\n\n**Нюансы:**\n- `type=number` не подходит для телефонов/карт (режет ведущие нули, spinner мешает) — лучше `type=tel` + `inputmode`.\n- Тонкий контроль клавиатуры — атрибут **`inputmode`** (`numeric`, `decimal`, `tel`) независимо от type.\n- `autocomplete` (`email`, `name`, `cc-number`...) критичен для автозаполнения и менеджеров паролей.\n- Валидацию из `type=email` всё равно дублируй на бэке — клиент не доверенный."}'::jsonb, ARRAY['forms', 'input', 'mobile']::text[]) on conflict (id) do nothing;
insert into anki.cards (id, note_id, deck_id, template_index, state) values ('a0df8ce4-6245-8cee-2d4d-77511c8f9474', '20a3d443-e259-e6ea-8b56-efb2a5c68e90', '55555555-5555-5555-5555-555555550003', 0, 'new') on conflict (id) do nothing;
insert into anki.notes (id, note_type_id, deck_id, fields, tags) values ('af1d2da2-f577-a547-b010-035f3bcf56a4', '11111111-1111-1111-1111-111111110001', '55555555-5555-5555-5555-555555550003', '{"Front":"Как устроена нативная HTML-валидация форм (Constraint Validation API) и её псевдоклассы? Как кастомизировать сообщения?","Back":"Атрибуты ограничений: `required`, `min`/`max`, `minlength`/`maxlength`, `pattern`, `step`, тип (`email`/`url`).\n\n**Псевдоклассы состояния:** `:valid`, `:invalid`, `:required`, `:optional`, `:in-range`/`:out-of-range`, `:user-invalid` (новее — срабатывает только после взаимодействия, не сразу при загрузке).\n\n**JS API (Constraint Validation):**\n```js\ninput.validity         // ValidityState: valueMissing, typeMismatch, patternMismatch...\ninput.checkValidity()  // bool + событие invalid\ninput.reportValidity() // покажет нативную подсказку\ninput.setCustomValidity(''Свой текст'') // делает поле invalid; '''' — сбрасывает\nform.noValidate        // отключить нативную валидацию\n```\n\n**Подводные камни:**\n- `:invalid` срабатывает сразу при загрузке у пустых required-полей — раздражает; используй `:user-invalid` или класс через JS после blur/submit.\n- Стилизовать нативные тултипы нельзя — для кастомного UI делают `novalidate` + своя логика на `validity`.\n- `pattern` работает без флагов и якорится неявно (матч всей строки)."}'::jsonb, ARRAY['forms', 'validation', 'constraint-validation-api']::text[]) on conflict (id) do nothing;
insert into anki.cards (id, note_id, deck_id, template_index, state) values ('1b007dee-3e56-9f04-7c31-9ec991814440', 'af1d2da2-f577-a547-b010-035f3bcf56a4', '55555555-5555-5555-5555-555555550003', 0, 'new') on conflict (id) do nothing;
insert into anki.notes (id, note_type_id, deck_id, fields, tags) values ('e47fe167-1375-dc72-468a-508a16534591', '11111111-1111-1111-1111-111111110001', '55555555-5555-5555-5555-555555550003', '{"Front":"Что критично для доступности форм (a11y)? Как правильно связать label и input?","Back":"**Связь label↔input** (обязательно — клик по подписи фокусирует поле, скринридер озвучивает):\n```html\n<label for=\"email\">Email</label><input id=\"email\">\n<!-- или оборачиванием -->\n<label>Email <input></label>\n```\n\n**Ключевое:**\n- `placeholder` — НЕ замена label (исчезает, низкий контраст, не озвучивается стабильно).\n- Группы radio/checkbox оборачивай в `<fieldset>` + `<legend>`.\n- Ошибки: `aria-invalid=\"true\"` + `aria-describedby` указывает на элемент с текстом ошибки; контейнер ошибок — `role=\"alert\"`/`aria-live` для озвучки.\n- Обязательность: атрибут `required` (+ визуальная пометка), не только звёздочка.\n- `autocomplete` помогает не только UX, но и когнитивной доступности.\n- Используй нативные элементы (`<button>`, `<select>`) вместо div+role — они дают фокус, клавиатуру и семантику бесплатно.\n- Кнопка отправки должна быть `<button type=\"submit\">` (Enter в поле сабмитит форму)."}'::jsonb, ARRAY['forms', 'accessibility', 'aria']::text[]) on conflict (id) do nothing;
insert into anki.cards (id, note_id, deck_id, template_index, state) values ('052b3fa9-e1f3-8d07-29f7-30aa9f2018c8', 'e47fe167-1375-dc72-468a-508a16534591', '55555555-5555-5555-5555-555555550003', 0, 'new') on conflict (id) do nothing;
insert into anki.notes (id, note_type_id, deck_id, fields, tags) values ('204a1fd8-29b6-4051-4fb5-b063e1d8bd91', '11111111-1111-1111-1111-111111110001', '55555555-5555-5555-5555-555555550003', '{"Front":"Как сделать адаптивные изображения через srcset, sizes и picture? В чём разница между resolution switching и art direction?","Back":"**Resolution switching** (один и тот же кадр, разный размер/плотность) — `srcset` + `sizes` на `<img>`:\n```html\n<img\n  src=\"img-800.jpg\"\n  srcset=\"img-400.jpg 400w, img-800.jpg 800w, img-1600.jpg 1600w\"\n  sizes=\"(max-width: 600px) 100vw, 50vw\"\n  alt=\"...\">\n```\nБраузер сам выбирает файл по ширине слота (`sizes`) и DPR экрана. `w`-дескрипторы + `sizes` — для отзывчивой ширины; `x`-дескрипторы (`img.jpg 2x`) — для фикс. размера под Retina.\n\n**Art direction** (разный КАДР/кроп под брейкпоинт) — `<picture>`:\n```html\n<picture>\n  <source media=\"(max-width:600px)\" srcset=\"crop-mobile.jpg\">\n  <source srcset=\"wide.jpg\">\n  <img src=\"wide.jpg\" alt=\"...\">\n</picture>\n```\n`<picture>` также для **форматов**: `<source type=\"image/avif\">`, `type=\"image/webp\"` с fallback на `<img>` (jpg). `<img>` внутри `<picture>` обязателен — он и рендерится, source лишь подменяет источник."}'::jsonb, ARRAY['media', 'responsive-images', 'srcset', 'picture']::text[]) on conflict (id) do nothing;
insert into anki.cards (id, note_id, deck_id, template_index, state) values ('187578df-cc62-f9b5-a290-bba31ccad243', '204a1fd8-29b6-4051-4fb5-b063e1d8bd91', '55555555-5555-5555-5555-555555550003', 0, 'new') on conflict (id) do nothing;
insert into anki.notes (id, note_type_id, deck_id, fields, tags) values ('3e4f2de4-655c-474c-e029-ada963395c4f', '11111111-1111-1111-1111-111111110001', '55555555-5555-5555-5555-555555550003', '{"Front":"Как работает lazy loading медиа и как избежать сдвига макета (CLS)? Что такое decoding и fetchpriority?","Back":"**Нативный lazy-load:** `loading=\"lazy\"` на `<img>`/`<iframe>` — браузер откладывает загрузку, пока элемент не приблизится к вьюпорту. Для контента \"выше сгиба\" (LCP) ставь `loading=\"eager\"` или ничего.\n\n**Предотвращение CLS (layout shift):** всегда указывай `width`+`height` (или `aspect-ratio`) — браузер резервирует место до загрузки:\n```html\n<img src=\"x.jpg\" width=\"800\" height=\"600\" alt=\"\"> /* считает aspect-ratio */\n```\n\n**Дополнительно:**\n- `decoding=\"async\"` — декодировать вне основного потока, чтобы не блокировать.\n- `fetchpriority=\"high\"` на LCP-картинке + `<link rel=\"preload\">` ускоряют ключевое изображение; `fetchpriority=\"low\"` для второстепенных.\n- Для `<video>`: `preload=\"none|metadata|auto\"`, `poster`, `playsinline`, `muted` (нужен для autoplay на мобильных).\n- Не лениво грузи LCP-картинку — это замедлит метрику."}'::jsonb, ARRAY['media', 'lazy-loading', 'performance', 'cls']::text[]) on conflict (id) do nothing;
insert into anki.cards (id, note_id, deck_id, template_index, state) values ('2b36a874-3402-09e6-5bca-129d20d6ba71', '3e4f2de4-655c-474c-e029-ada963395c4f', '55555555-5555-5555-5555-555555550003', 0, 'new') on conflict (id) do nothing;
insert into anki.notes (id, note_type_id, deck_id, fields, tags) values ('18bf0b28-b27a-08be-2a06-6bfc98fdf39f', '11111111-1111-1111-1111-111111110001', '55555555-5555-5555-5555-555555550003', '{"Front":"Объясни модель Flexbox: главная/поперечная ось и как работают justify-content, align-items, align-content.","Back":"Flex — одномерная раскладка вдоль **главной оси** (задаётся `flex-direction: row|column`); перпендикулярная — **поперечная**.\n\n- **`justify-content`** — распределение по **главной** оси: `flex-start`, `center`, `space-between`, `space-around`, `space-evenly`.\n- **`align-items`** — выравнивание по **поперечной** оси для каждого элемента: `stretch` (дефолт), `center`, `flex-start`, `baseline`.\n- **`align-self`** — переопределяет align-items для одного элемента.\n- **`align-content`** — распределение **рядов** по поперечной оси; работает **только при `flex-wrap: wrap`** и наличии нескольких рядов. На одной строке не действует — частая путаница.\n- **`gap`** — отступы между элементами (заменяет хаки с margin).\n\nПри смене `flex-direction: column` оси меняются местами: justify-content теперь вертикаль, align-items — горизонталь."}'::jsonb, ARRAY['flexbox', 'alignment', 'layout']::text[]) on conflict (id) do nothing;
insert into anki.cards (id, note_id, deck_id, template_index, state) values ('84e3aa5e-8512-2546-8134-282fbd9c5bb7', '18bf0b28-b27a-08be-2a06-6bfc98fdf39f', '55555555-5555-5555-5555-555555550003', 0, 'new') on conflict (id) do nothing;
insert into anki.notes (id, note_type_id, deck_id, fields, tags) values ('cc25e02c-314a-c79f-4bb2-01eafebe33ce', '11111111-1111-1111-1111-111111110001', '55555555-5555-5555-5555-555555550003', '{"Front":"Что такое flex-grow, flex-shrink, flex-basis и что значит shorthand flex: 1? Как считается итоговый размер?","Back":"`flex: <grow> <shrink> <basis>`.\n- **`flex-basis`** — базовый размер вдоль главной оси ДО распределения (имеет приоритет над width/height; `auto` = смотреть на content/width).\n- **`flex-grow`** — коэффициент распределения **свободного** места. 0 — не растёт. Если у троих grow 1/1/2 — третий получит вдвое больше излишка.\n- **`flex-shrink`** — коэффициент **сжатия** при нехватке места (учитывается взвешенно по basis). 0 — не сжимается (частый фикс \"расплющивания\" иконок).\n\n**Shorthands:**\n- `flex: 1` = `1 1 0%` — элементы делят всё место поровну, игнорируя контент.\n- `flex: auto` = `1 1 auto` — растут, но учитывают свой контент.\n- `flex: none` = `0 0 auto` — фиксированный, не тянется/не жмётся.\n- `flex: 0 1 auto` — дефолт.\n\n**Нюанс:** `flex: 1` (basis 0) и `flex: 1 1 auto` ведут себя по-разному при разном контенте — первый делит ровно, второй пропорционально содержимому."}'::jsonb, ARRAY['flexbox', 'flex-grow', 'flex-basis']::text[]) on conflict (id) do nothing;
insert into anki.cards (id, note_id, deck_id, template_index, state) values ('6e309e5e-397e-c426-8b1a-5c25009fbfd4', 'cc25e02c-314a-c79f-4bb2-01eafebe33ce', '55555555-5555-5555-5555-555555550003', 0, 'new') on conflict (id) do nothing;
insert into anki.notes (id, note_type_id, deck_id, fields, tags) values ('e554c402-840a-eaaf-6a69-e535168c9f22', '11111111-1111-1111-1111-111111110001', '55555555-5555-5555-5555-555555550003', '{"Front":"Как объявлять CSS Grid и в чём его отличие от Flexbox? Когда что выбирать?","Back":"**Grid — двумерная** раскладка (строки И столбцы одновременно); **Flex — одномерная** (один ряд/колонка с переносом).\n\n```css\n.grid {\n  display: grid;\n  grid-template-columns: 200px 1fr 1fr;  /* fr = доля свободного места */\n  grid-template-rows: auto 1fr;\n  gap: 16px;\n}\n```\n\n**Выбор:**\n- Grid — макет страницы/секции, где важно совмещение по обеим осям, выравнивание в \"сетку\", перекрытие ячеек.\n- Flex — компоненты-ряды: тулбары, списки тегов, выравнивание содержимого, когда количество элементов заранее неизвестно и важен перенос/распределение по одной оси.\n\nОни **комбинируются**: Grid для скелета страницы, Flex внутри ячеек. Grid позволяет верстать \"от макета\" (`grid-template-areas`), не завися от порядка элементов в HTML."}'::jsonb, ARRAY['grid', 'flexbox', 'layout']::text[]) on conflict (id) do nothing;
insert into anki.cards (id, note_id, deck_id, template_index, state) values ('7b23b39e-acca-c0de-a038-7b823f0a4de7', 'e554c402-840a-eaaf-6a69-e535168c9f22', '55555555-5555-5555-5555-555555550003', 0, 'new') on conflict (id) do nothing;
insert into anki.notes (id, note_type_id, deck_id, fields, tags) values ('5ce67702-c0d5-9e58-1467-3fc73e200e74', '11111111-1111-1111-1111-111111110001', '55555555-5555-5555-5555-555555550003', '{"Front":"Объясни auto-fit vs auto-fill и minmax() в Grid. Как сделать адаптивную сетку карточек без media-queries?","Back":"Классический адаптивный паттерн:\n```css\n.cards {\n  display: grid;\n  grid-template-columns: repeat(auto-fit, minmax(250px, 1fr));\n  gap: 16px;\n}\n```\n`minmax(250px, 1fr)` — колонка не уже 250px, но тянется до равной доли. Карточки сами переносятся при сужении — **без media-queries**.\n\n**auto-fill vs auto-fit** (разница видна, когда элементов меньше, чем влезает колонок):\n- **`auto-fill`** — создаёт максимум колонок, **оставляя пустые** треки. Существующие карточки НЕ растягиваются на всю ширину — остаётся \"дырка\" справа.\n- **`auto-fit`** — \"схлопывает\" пустые треки до 0, и существующие карточки **растягиваются** на всю доступную ширину.\n\nЧаще нужен `auto-fit` (карточки занимают всю строку). `auto-fill` — когда важна стабильная ширина ячейки и не нужно растягивать неполный ряд."}'::jsonb, ARRAY['grid', 'auto-fit', 'minmax', 'responsive']::text[]) on conflict (id) do nothing;
insert into anki.cards (id, note_id, deck_id, template_index, state) values ('dd560313-866c-5299-00a1-1d1dae5ae2ad', '5ce67702-c0d5-9e58-1467-3fc73e200e74', '55555555-5555-5555-5555-555555550003', 0, 'new') on conflict (id) do nothing;
insert into anki.notes (id, note_type_id, deck_id, fields, tags) values ('c522a0bc-75ff-bdcb-1baa-b88a1a4755e5', '11111111-1111-1111-1111-111111110001', '55555555-5555-5555-5555-555555550003', '{"Front":"Как использовать grid-template-areas и разные способы размещения элементов в Grid?","Back":"**Areas** — наглядная раскладка \"картинкой\":\n```css\n.layout {\n  display: grid;\n  grid-template-columns: 200px 1fr;\n  grid-template-rows: auto 1fr auto;\n  grid-template-areas:\n    \"header header\"\n    \"sidebar main\"\n    \"footer footer\";\n}\n.header  { grid-area: header; }\n.sidebar { grid-area: sidebar; }\n```\nИмена должны образовывать **прямоугольники**; `.` — пустая ячейка. Легко переставить блоки под мобильный, переписав areas в media-query, не трогая HTML.\n\n**Другие способы:**\n- Линиями: `grid-column: 1 / 3;` `grid-row: 1 / span 2;` (span — на сколько треков).\n- Именованные линии: `grid-template-columns: [start] 1fr [mid] 1fr [end];` затем `grid-column: start / mid`.\n- Выравнивание: `justify-items`/`align-items` (ячейки), `justify-content`/`align-content` (вся сетка), `place-items`/`place-content` — шорткаты."}'::jsonb, ARRAY['grid', 'grid-template-areas', 'layout']::text[]) on conflict (id) do nothing;
insert into anki.cards (id, note_id, deck_id, template_index, state) values ('90ef9484-14f6-d03d-7df9-57627cf825e7', 'c522a0bc-75ff-bdcb-1baa-b88a1a4755e5', '55555555-5555-5555-5555-555555550003', 0, 'new') on conflict (id) do nothing;
insert into anki.notes (id, note_type_id, deck_id, fields, tags) values ('820eb57d-4dbf-f10f-5aa3-6d432e5319bb', '11111111-1111-1111-1111-111111110001', '55555555-5555-5555-5555-555555550003', '{"Front":"Как рассчитывается специфичность селекторов? Объясни тройку (a,b,c) и роль !important, inline-стилей и каскадных слоёв.","Back":"Специфичность — кортеж **(A, B, C)**, сравнивается слева направо:\n- **A** — id-селекторы (`#id`).\n- **B** — классы, атрибуты (`[type]`), псевдоклассы (`:hover`).\n- **C** — теги и псевдоэлементы (`div`, `::before`).\n\n`*`, комбинаторы (`>`, `+`, `~`, ` `), `:where()` — **0**. `:not()/:is()/:has()` сами по нулю, но берут специфичность **самого тяжёлого аргумента** внутри.\n\n**Порядок переопределения (грубо сверху вниз):**\n1. inline `style=\"\"` (как будто 1,0,0,0);\n2. сравнение специфичности; при равенстве — **кто позже в источнике**;\n3. `!important` инвертирует приоритеты (important-объявления соревнуются между собой, и там слои/origin идут в обратном порядке);\n4. **`@layer`** (каскадные слои) идут НИЖЕ специфичности по приоритету слоёв: правило из более позднего слоя бьёт более ранний независимо от специфичности.\n\n**Практика:** избегай `!important` и id в стилях; используй `@layer` и `:where()` для управляемой низкой специфичности (удобно для библиотек/перекрытий)."}'::jsonb, ARRAY['specificity', 'cascade', 'important']::text[]) on conflict (id) do nothing;
insert into anki.cards (id, note_id, deck_id, template_index, state) values ('3f5b866c-4235-72ff-6c90-ff17082aa7c6', '820eb57d-4dbf-f10f-5aa3-6d432e5319bb', '55555555-5555-5555-5555-555555550003', 0, 'new') on conflict (id) do nothing;
insert into anki.notes (id, note_type_id, deck_id, fields, tags) values ('8e5bb02c-9078-8331-0161-89a271a9c055', '11111111-1111-1111-1111-111111110001', '55555555-5555-5555-5555-555555550003', '{"Front":"Какие есть комбинаторы селекторов и чем отличаются потомок, ребёнок, соседи? Что нового даёт :has()?","Back":"- **` ` (потомок)** — `.a .b` — любой `.b` внутри `.a` на любой глубине.\n- **`>` (дочерний)** — `.a > .b` — только прямой ребёнок.\n- **`+` (соседний)** — `.a + .b` — `.b` сразу после `.a` (один).\n- **`~` (общий сосед)** — `.a ~ .b` — все `.b` после `.a` у общего родителя.\n\n**`:has()` — \"родительский\" селектор**, прорыв последних лет:\n```css\nlabel:has(input:checked) { font-weight: bold; }  /* стилизуем по состоянию ребёнка */\n.card:has(> img) { padding: 0; }                  /* родитель по наличию ребёнка */\nh2:has(+ p) { margin-bottom: 0; }                 /* по соседу справа */\n```\nДо `:has()` \"подняться вверх\" по дереву в CSS было невозможно — только JS. Теперь можно реагировать на наличие/состояние потомков и соседей. Учитывай производительность при очень общих `:has` на больших деревьях."}'::jsonb, ARRAY['combinators', 'selectors', 'has']::text[]) on conflict (id) do nothing;
insert into anki.cards (id, note_id, deck_id, template_index, state) values ('762bd728-5730-81ae-5805-14a0668be87c', '8e5bb02c-9078-8331-0161-89a271a9c055', '55555555-5555-5555-5555-555555550003', 0, 'new') on conflict (id) do nothing;
insert into anki.notes (id, note_type_id, deck_id, fields, tags) values ('d2978fd5-4346-bc75-40d0-cab5e864b6e0', '11111111-1111-1111-1111-111111110001', '55555555-5555-5555-5555-555555550003', '{"Front":"Что такое БЭМ и какую проблему он решает? Покажи именование Block__Element--Modifier и типичные ошибки.","Back":"**БЭМ (Block-Element-Modifier)** — методология именования классов для **плоской низкой специфичности** и переиспользуемости компонентов без вложенных селекторов.\n\n- **Block** — самостоятельная сущность: `.card`, `.menu`.\n- **Element** — часть блока, не существует отдельно: `.card__title`, `.menu__item` (двойное подчёркивание).\n- **Modifier** — вариант/состояние: `.card--featured`, `.menu__item--active` (двойной дефис).\n\n```html\n<div class=\"card card--featured\">\n  <h3 class=\"card__title\">...</h3>\n</div>\n```\n\n**Зачем:** все селекторы — один класс (специфичность 0,1,0), нет каскадных войн, легко искать по коду, стили не текут.\n\n**Типичные ошибки:**\n- цепочки элементов `.card__body__title` — БЭМ плоский, элемент именуется от блока: `.card__title`;\n- модификатор без базового класса (`.card--featured` без `.card`);\n- использование тегов/вложенности вместо классов (теряется суть).\n\nВ Vue с `scoped`-стилями БЭМ часто избыточен, но полезен в дизайн-системах и больших общих стилях."}'::jsonb, ARRAY['bem', 'methodology', 'naming']::text[]) on conflict (id) do nothing;
insert into anki.cards (id, note_id, deck_id, template_index, state) values ('01566ce3-3d6e-8d04-7c46-244cb9e089be', 'd2978fd5-4346-bc75-40d0-cab5e864b6e0', '55555555-5555-5555-5555-555555550003', 0, 'new') on conflict (id) do nothing;
insert into anki.notes (id, note_type_id, deck_id, fields, tags) values ('08e900ad-3434-6349-9dd4-fb583cf35e23', '11111111-1111-1111-1111-111111110001', '55555555-5555-5555-5555-555555550003', '{"Front":"Чем отличаются DOM и CSSOM? Как они объединяются в Render Tree?","Back":"- **DOM (Document Object Model)** — дерево, построенное из HTML; узлы — элементы, текст, комментарии. Строится инкрементально по мере парсинга.\n- **CSSOM (CSS Object Model)** — дерево стилей из всех источников (внешние, `<style>`, inline, user-agent). Содержит вычисленные правила и каскад.\n\n**Render Tree** = DOM + CSSOM. В него попадают только **видимые** узлы:\n- `display: none` — узла НЕТ в render tree (не занимает места, не рендерится);\n- `visibility: hidden` — узел ЕСТЬ (занимает место, но невидим);\n- псевдоэлементы (`::before`) — в DOM их нет, но в render tree есть;\n- `<head>`, `<script>` и т.п. — не визуальные, исключаются.\n\nCSSOM **блокирует рендеринг**: браузер не строит render tree, пока не загрузит и не распарсит CSS, чтобы не показать неотстилизованный контент (FOUC). Поэтому CSS считается render-blocking ресурсом."}'::jsonb, ARRAY['dom', 'cssom', 'render-tree']::text[]) on conflict (id) do nothing;
insert into anki.cards (id, note_id, deck_id, template_index, state) values ('f3b1c1d3-0024-d5e9-82fe-30a4fe1a1db1', '08e900ad-3434-6349-9dd4-fb583cf35e23', '55555555-5555-5555-5555-555555550003', 0, 'new') on conflict (id) do nothing;
insert into anki.notes (id, note_type_id, deck_id, fields, tags) values ('85179945-7cdd-055f-5698-664b430ee9f3', '11111111-1111-1111-1111-111111110001', '55555555-5555-5555-5555-555555550003', '{"Front":"Опиши Critical Rendering Path. Почему CSS блокирует рендеринг, а скрипты — парсинг? Что делают async и defer?","Back":"**Critical Rendering Path:** HTML → DOM, CSS → CSSOM → **Render Tree** → **Layout** (геометрия) → **Paint** (пиксели) → **Composite** (слои).\n\n**CSS блокирует рендеринг:** браузер не паинтит, пока CSSOM не готов (иначе мелькнёт неотстилизованная страница). Поэтому CSS грузят в `<head>`, минимизируют критический CSS, некритичный — `media`/`preload`.\n\n**Скрипт блокирует парсинг:** встретив `<script>` без атрибутов, парсер останавливает построение DOM, скачивает и выполняет JS (т.к. JS может менять DOM/CSSOM через `document.write`). Более того, скрипт ждёт завершения предшествующего CSSOM.\n\n**Атрибуты `<script>`:**\n- без атрибутов — блокирует парсинг, выполняется сразу.\n- **`defer`** — грузится параллельно, выполняется **после** парсинга DOM, **в порядке** объявления (идеально для скриптов, зависящих от DOM).\n- **`async`** — грузится параллельно, выполняется **сразу по готовности**, порядок не гарантирован (для независимых скриптов: аналитика).\n- `type=\"module\"` — defer по умолчанию."}'::jsonb, ARRAY['critical-rendering-path', 'render-blocking', 'async-defer']::text[]) on conflict (id) do nothing;
insert into anki.cards (id, note_id, deck_id, template_index, state) values ('aee18c53-c258-1f24-a797-5935a4ada534', '85179945-7cdd-055f-5698-664b430ee9f3', '55555555-5555-5555-5555-555555550003', 0, 'new') on conflict (id) do nothing;
insert into anki.notes (id, note_type_id, deck_id, fields, tags) values ('956cf8be-293a-f943-6029-a0f6c69bba87', '11111111-1111-1111-1111-111111110001', '55555555-5555-5555-5555-555555550003', '{"Front":"Чем отличаются reflow (layout), repaint и composite? Какие свойства анимировать дёшево и почему?","Back":"Этапы при изменении:\n- **Reflow / Layout** — пересчёт геометрии (размеры, позиции). Самый дорогой: меняет один элемент — может пересчитать соседей/предков. Триггеры: width/height, top/left, margin, font-size, добавление/удаление узлов, чтение `offsetWidth`/`getBoundingClientRect` (форсирует синхронный layout — **layout thrashing**).\n- **Repaint** — перерисовка пикселей без изменения геометрии: `color`, `background`, `box-shadow`, `visibility`.\n- **Composite** — сборка готовых слоёв на GPU без layout и paint.\n\n**Дёшево анимировать `transform` и `opacity`** — они обрабатываются на стадии composite (GPU), пропуская layout и paint. Поэтому `transform: translate()` вместо `top/left`, `transform: scale()` вместо width/height.\n\n**Оптимизации:**\n- `will-change: transform` — заранее поднять элемент в свой слой (не злоупотреблять — память).\n- группировать чтения/записи DOM, избегать чтения геометрии в цикле после записи.\n- `contain: layout/paint` — ограничить область пересчёта."}'::jsonb, ARRAY['reflow', 'repaint', 'composite', 'performance']::text[]) on conflict (id) do nothing;
insert into anki.cards (id, note_id, deck_id, template_index, state) values ('196ed222-a757-1448-e27c-7eb1bd4db44b', '956cf8be-293a-f943-6029-a0f6c69bba87', '55555555-5555-5555-5555-555555550003', 0, 'new') on conflict (id) do nothing;
insert into anki.notes (id, note_type_id, deck_id, fields, tags) values ('4498805f-27cb-57da-e8fe-90e4b15310ca', '11111111-1111-1111-1111-111111110001', '55555555-5555-5555-5555-555555550003', '{"Front":"Из каких основных компонентов состоит браузер? За что отвечает рендеринг-движок и его потоки?","Back":"**Компоненты браузера:**\n- **User Interface** — адресная строка, кнопки, вкладки (всё, кроме области страницы).\n- **Browser Engine** — посредник между UI и рендеринг-движком.\n- **Rendering Engine** — парсит HTML/CSS и рисует страницу (Blink в Chrome/Edge, WebKit в Safari, Gecko в Firefox).\n- **Networking** — HTTP-запросы, кэш.\n- **JS Engine** — исполняет JS (V8 в Blink, JavaScriptCore, SpiderMonkey).\n- **UI Backend** — отрисовка базовых виджетов через ОС.\n- **Data Storage** — cookies, localStorage, IndexedDB, Cache API.\n\n**Внутри рендеринга (Chrome, мультипроцессность):**\n- браузер-процесс, **процесс рендеринга на сайт** (изоляция), GPU-процесс, сетевой/плагин-процессы.\n- В рендер-процессе: **main thread** (парсинг, JS, style, layout, paint-инструкции), **compositor thread** и **raster threads** (собирают слои на GPU, могут скроллить/анимировать transform независимо от main thread — отсюда плавность composite-анимаций даже при занятом JS)."}'::jsonb, ARRAY['browser-architecture', 'rendering-engine', 'internals']::text[]) on conflict (id) do nothing;
insert into anki.cards (id, note_id, deck_id, template_index, state) values ('3e16d631-e92d-9260-0b0a-cefce16c1485', '4498805f-27cb-57da-e8fe-90e4b15310ca', '55555555-5555-5555-5555-555555550003', 0, 'new') on conflict (id) do nothing;
insert into anki.notes (id, note_type_id, deck_id, fields, tags) values ('3777dd4a-86f1-a97b-c90b-bf396fcc2f28', '11111111-1111-1111-1111-111111110001', '55555555-5555-5555-5555-555555550003', '{"Front":"Какие есть способы изоляции стилей: Vue scoped, CSS Modules, Shadow DOM? Их механизмы и трейдоффы.","Back":"**1. Vue `<style scoped>`** — компилятор добавляет уникальный data-атрибут (`data-v-xxxx`) элементам компонента и дописывает его в селекторы (`.btn[data-v-xxxx]`). Это **атрибутная**, не настоящая изоляция: глобальные стили всё ещё могут просочиться. Для детей-компонентов нужен `:deep()`; для слотов — `:slotted()`; для глобального — `:global()`.\n\n**2. CSS Modules** — при сборке имена классов **хэшируются** (`.btn` → `.btn_a3f9`), импортируются как объект (`styles.btn`). Уникальность через переименование, работает в любом фреймворке. Нет рантайма, но нет и реальной инкапсуляции каскада/наследования.\n\n**3. Shadow DOM** — **настоящая** инкапсуляция на уровне платформы: стили внутри shadow root не текут наружу и наружные (кроме наследуемых свойств и custom properties) не текут внутрь. Граница `::part()`/`::slotted()` для контролируемого пробивания. Цена: сложнее темизация (только через CSS-переменные), нюансы с формами/событиями, SSR.\n\n**Трейдофф:** scoped/Modules — простота и совместимость, но \"мягкая\" изоляция; Shadow DOM — строгая изоляция ценой гибкости и сложности стилизации извне."}'::jsonb, ARRAY['style-isolation', 'scoped', 'css-modules', 'shadow-dom']::text[]) on conflict (id) do nothing;
insert into anki.cards (id, note_id, deck_id, template_index, state) values ('ec082f67-8de6-fc6f-479d-426070690ad6', '3777dd4a-86f1-a97b-c90b-bf396fcc2f28', '55555555-5555-5555-5555-555555550003', 0, 'new') on conflict (id) do nothing;
insert into anki.notes (id, note_type_id, deck_id, fields, tags) values ('ba4eecda-a960-3d82-ed63-8a24fbdb7d6b', '11111111-1111-1111-1111-111111110001', '55555555-5555-5555-5555-555555550003', '{"Front":"Что такое семантическая вёрстка и почему она важнее div-супа? Приведи ключевые теги и их смысл.","Back":"Семантика — использование тегов **по смыслу**, а не только для вида. Даёт доступность (скринридеры, ориентиры), SEO, бесплатное поведение и читаемость.\n\n**Ключевые теги:**\n- `<header>`, `<nav>`, `<main>` (один на страницу), `<article>` (самодостаточная единица), `<section>` (тематический блок, обычно с заголовком), `<aside>`, `<footer>`.\n- `<h1>`–`<h6>` — иерархия заголовков (не прыгать через уровни, один логический h1).\n- `<button>` vs `<a>`: кнопка — действие, ссылка — навигация по URL.\n- `<figure>`+`<figcaption>`, `<time datetime>`, `<address>`, `<mark>`, `<details>`/`<summary>` (нативный аккордеон).\n\n**Почему лучше div-супа:** ARIA-роли проставляются автоматически, навигация по ориентирам (landmarks) для скринридеров, клавиатура и фокус работают из коробки, легче поддерживать. Правило ARIA №1: **не используй ARIA, если есть нативный элемент** — `role=\"button\"` на div требует руками добавлять tabindex, обработку Enter/Space и состояние."}'::jsonb, ARRAY['semantic-html', 'accessibility', 'seo']::text[]) on conflict (id) do nothing;
insert into anki.cards (id, note_id, deck_id, template_index, state) values ('a4b09c97-0981-42a7-44e7-d6fe959be43a', 'ba4eecda-a960-3d82-ed63-8a24fbdb7d6b', '55555555-5555-5555-5555-555555550003', 0, 'new') on conflict (id) do nothing;
insert into anki.notes (id, note_type_id, deck_id, fields, tags) values ('07241579-95fe-4000-401f-94965b8da0c8', '11111111-1111-1111-1111-111111110001', '55555555-5555-5555-5555-555555550003', '{"Front":"Как строить адаптивную вёрстку: mobile-first, media-queries, современные единицы и container queries?","Back":"**Mobile-first:** базовые стили под узкий экран, расширяем через `min-width` — меньше переопределений, прогрессивное усложнение:\n```css\n.col { width: 100%; }\n@media (min-width: 768px) { .col { width: 50%; } }\n```\n\n**Единицы:**\n- относительные `rem`/`em`, `%`, `ch` вместо px для масштабируемости;\n- вьюпортные `vw`/`vh`, а также `svh`/`lvh`/`dvh` — учитывают динамическую панель браузера на мобильных (`dvh` подстраивается под показ/скрытие адресной строки);\n- `clamp(min, preferred, max)` — флюидный размер без брейкпоинтов: `font-size: clamp(1rem, 2vw + 1rem, 1.5rem)`.\n\n**Container Queries** — реагируют на размер **родителя-контейнера**, а не вьюпорта:\n```css\n.card-wrap { container-type: inline-size; }\n@container (min-width: 400px) { .card { display: flex; } }\n```\nПозволяет одному компоненту адаптироваться по месту вставки — то, чего media-queries не умели.\n\nНе забывай `<meta name=\"viewport\" content=\"width=device-width, initial-scale=1\">`."}'::jsonb, ARRAY['responsive', 'media-queries', 'container-queries', 'mobile-first']::text[]) on conflict (id) do nothing;
insert into anki.cards (id, note_id, deck_id, template_index, state) values ('22e70e30-ce79-ed9a-d895-a70ab502e9ae', '07241579-95fe-4000-401f-94965b8da0c8', '55555555-5555-5555-5555-555555550003', 0, 'new') on conflict (id) do nothing;
insert into anki.notes (id, note_type_id, deck_id, fields, tags) values ('48e7f388-0682-1ee3-727a-9db41dfc2a92', '11111111-1111-1111-1111-111111110001', '55555555-5555-5555-5555-555555550003', '{"Front":"Чем отличаются CSS transition и animation? Что можно анимировать и какие подводные камни?","Back":"**`transition`** — плавный переход свойства **между двумя состояниями** при изменении (hover, добавление класса). Нужно событие-триггер.\n```css\n.btn { transition: transform .2s ease, background-color .2s; }\n.btn:hover { transform: scale(1.05); }\n```\n\n**`animation` + `@keyframes`** — многошаговая анимация, может зацикливаться, идти сама без триггера:\n```css\n@keyframes pulse { 0%{opacity:1} 50%{opacity:.5} 100%{opacity:1} }\n.dot { animation: pulse 1s infinite ease-in-out; }\n```\n\n**Подводные камни:**\n- Анимировать выгодно `transform`/`opacity` (composite, GPU); анимация `width`/`top`/`margin` вызывает reflow — дёргается.\n- `display: none` ↔ `block` не анимируется напрямую (хотя появляется `@starting-style` и `transition-behavior: allow-discrete` для входных анимаций и discrete-свойств).\n- `transition` на `auto` (height: auto) не работает — нужен `max-height`-хак, `grid-template-rows: 0fr→1fr` или новые API.\n- Уважай `@media (prefers-reduced-motion: reduce)` — отключай/смягчай анимации для пользователей с этой настройкой."}'::jsonb, ARRAY['css-animation', 'transition', 'keyframes', 'performance']::text[]) on conflict (id) do nothing;
insert into anki.cards (id, note_id, deck_id, template_index, state) values ('01af63a0-1da5-6839-90b7-0ab788608ba2', '48e7f388-0682-1ee3-727a-9db41dfc2a92', '55555555-5555-5555-5555-555555550003', 0, 'new') on conflict (id) do nothing;
insert into anki.notes (id, note_type_id, deck_id, fields, tags) values ('87953644-54fc-3158-6756-eff0a9325d88', '11111111-1111-1111-1111-111111110001', '55555555-5555-5555-5555-555555550003', '{"Front":"Когда выбирать SVG, а когда Canvas? В чём фундаментальная разница подходов?","Back":"**SVG — векторный, ретейн-режим (декларативный):** фигуры — это **DOM-элементы** (`<path>`, `<rect>`, `<circle>`).\n- Плюсы: масштабируется без потери качества, доступен (можно `aria`, текст индексируется), стилизуется CSS, реагирует на события мышью по элементам, легко анимировать.\n- Минусы: тяжелеет при тысячах элементов (каждый — узел DOM), производительность падает.\n- Применение: иконки, логотипы, графики/диаграммы, иллюстрации, интерактивные схемы.\n\n**Canvas — растровый, immediate-режим (императивный):** рисуешь пикселями через JS API, **DOM-узлов нет** — после отрисовки браузер не помнит фигуры.\n```js\nconst ctx = canvas.getContext(''2d'');\nctx.fillRect(10, 10, 100, 50);\n```\n- Плюсы: высокая производительность при многих объектах/кадрах (игры, частицы, обработка изображений, визуализации с тысячами точек), есть WebGL/WebGPU для 3D.\n- Минусы: не масштабируется (зависит от разрешения, нужен учёт DPR), нет встроенной доступности и hit-testing (всё руками), события только на весь canvas.\n\n**Правило:** мало объектов + интерактивность/доступность/масштаб → SVG; много объектов + частая перерисовка → Canvas."}'::jsonb, ARRAY['svg', 'canvas', 'graphics', 'performance']::text[]) on conflict (id) do nothing;
insert into anki.cards (id, note_id, deck_id, template_index, state) values ('03a8828c-326f-fc57-6b2f-914f04e182da', '87953644-54fc-3158-6756-eff0a9325d88', '55555555-5555-5555-5555-555555550003', 0, 'new') on conflict (id) do nothing;
insert into anki.notes (id, note_type_id, deck_id, fields, tags) values ('fe1f5173-c3eb-5fa3-719f-297eac493c5b', '11111111-1111-1111-1111-111111110001', '55555555-5555-5555-5555-555555550003', '{"Front":"Что такое PostCSS и чем он отличается от препроцессоров вроде Sass? Назови ключевые плагины.","Back":"**PostCSS** — это **инструмент для трансформации CSS через JS-плагины**, а не язык. Он парсит CSS в AST, прогоняет через цепочку плагинов и сериализует обратно. Сам по себе ничего не делает — всё определяют плагины.\n\n**Отличие от Sass/Less:** препроцессор — это монолитный язык с фиксированным набором фич (переменные, вложенность, миксины), компилируемый в CSS. PostCSS — **модульный конвейер**: подключаешь только нужное, можешь писать свои плагины. Их часто используют вместе (Sass → CSS → PostCSS).\n\n**Ключевые плагины:**\n- **autoprefixer** — добавляет вендорные префиксы по данным Can I Use + browserslist.\n- **postcss-preset-env** — позволяет писать будущий CSS (nesting, custom-media, `:has`), транспилируя под цель.\n- **cssnano** — минификация.\n- **postcss-import** — инлайнит `@import`.\n- **Tailwind CSS** — построен как PostCSS-плагин.\n- **postcss-nested**, **postcss-custom-properties** (фолбэки для старых браузеров).\n\nКонфиг — `postcss.config.js`; browserslist управляет тем, под какие браузеры транспилировать/префиксить."}'::jsonb, ARRAY['postcss', 'tooling', 'autoprefixer', 'build']::text[]) on conflict (id) do nothing;
insert into anki.cards (id, note_id, deck_id, template_index, state) values ('0d64fe85-9274-83ee-a4a9-9280d6b9f13c', 'fe1f5173-c3eb-5fa3-719f-297eac493c5b', '55555555-5555-5555-5555-555555550003', 0, 'new') on conflict (id) do nothing;
insert into anki.notes (id, note_type_id, deck_id, fields, tags) values ('fa5a4719-5d7f-f32d-ccb5-77e887ee0ed2', '11111111-1111-1111-1111-111111110001', '55555555-5555-5555-5555-555555550003', '{"Front":"Что такое блочно-строчная модель и box-sizing? Чем content-box отличается от border-box и зачем margin collapse?","Back":"**Box model:** каждый элемент = content → padding → border → margin (изнутри наружу).\n\n**`box-sizing`:**\n- `content-box` (дефолт) — `width` = только контент; padding и border **прибавляются** сверху. Итоговая ширина = width + padding + border. Неудобно для раскладки.\n- `border-box` — `width` включает content + padding + border. Зада­ёшь `width: 200px` — элемент ровно 200px. Общепринятый сброс:\n```css\n*, *::before, *::after { box-sizing: border-box; }\n```\n\n**Margin collapse (схлопывание вертикальных отступов):** соседние вертикальные margin не суммируются, а берётся **больший**. Также margin ребёнка может \"вытечь\" за родителя без границы/паддинга/overflow между ними.\n- Схлопываются: соседние блоки, родитель/первый-последний ребёнок, пустые блоки.\n- НЕ схлопываются: горизонтальные margin, во flex/grid-контейнерах, при наличии border/padding/`overflow != visible`, у float/absolute.\n\nЭто частый источник \"лишних\" отступов; flex/grid с `gap` устраняет проблему."}'::jsonb, ARRAY['box-model', 'box-sizing', 'margin-collapse']::text[]) on conflict (id) do nothing;
insert into anki.cards (id, note_id, deck_id, template_index, state) values ('fc1a48ec-22fd-2d19-e22e-8095440dd9d2', 'fa5a4719-5d7f-f32d-ccb5-77e887ee0ed2', '55555555-5555-5555-5555-555555550003', 0, 'new') on conflict (id) do nothing;

-- Собеседование · Vue 3 (26)
insert into anki.decks (id, name, description, config) values ('55555555-5555-5555-5555-555555550004', 'Собеседование · Vue 3', 'Подготовка к собеседованию: Vue', '{"newCardsPerDay":30,"maxReviewsPerDay":300}'::jsonb) on conflict (id) do nothing;
insert into anki.notes (id, note_type_id, deck_id, fields, tags) values ('8959b59e-75f0-e767-2b19-d0edd20f0c95', '11111111-1111-1111-1111-111111110001', '55555555-5555-5555-5555-555555550004', '{"Front":"Чем Options API отличается от Composition API и когда что выбирать?","Back":"**Options API** — код организован по \"опциям\" компонента: `data`, `methods`, `computed`, `watch`, хуки. Логика одной фичи размазана по разным секциям.\n\n**Composition API** — код организован по логическим зонам ответственности через `setup()` / `<script setup>`. Логику можно выносить в **композаблы** (`useX()`) и переиспользовать без миксинов.\n\nКлючевые отличия:\n- **Переиспользование логики**: Composition API через композаблы решает проблемы миксинов (неявные коллизии имён, непрозрачный источник свойств).\n- **Типизация**: Composition API даёт куда лучший вывод типов в TS (нет магии `this`).\n- **Tree-shaking**: импортируемые API (`ref`, `computed`) шейкаются.\n- **`this`**: в `<script setup>` его нет — меньше путаницы с контекстом.\n\nКогда что:\n- **Composition API / `<script setup>`** — дефолт для новых проектов, особенно на TS и с переиспользуемой логикой.\n- **Options API** — ок для простых компонентов, команд, привыкших к Vue 2, или когда строгая структура помогает джунам.\n\nВажно: это не взаимоисключающие парадигмы — они работают на одной реактивной системе и могут сосуществовать."}'::jsonb, ARRAY['options-api', 'composition-api', 'script-setup', 'composables']::text[]) on conflict (id) do nothing;
insert into anki.cards (id, note_id, deck_id, template_index, state) values ('b9f238ce-060a-eb89-4670-0ced993df11e', '8959b59e-75f0-e767-2b19-d0edd20f0c95', '55555555-5555-5555-5555-555555550004', 0, 'new') on conflict (id) do nothing;
insert into anki.notes (id, note_type_id, deck_id, fields, tags) values ('82a47527-09b7-de03-57e5-c9ed54c10bd4', '11111111-1111-1111-1111-111111110001', '55555555-5555-5555-5555-555555550004', '{"Front":"Как устроена реактивность в Vue 3? Чем Proxy лучше Object.defineProperty из Vue 2?","Back":"Vue 3 строит реактивность на **`Proxy`**. При создании `reactive(obj)` оборачивается весь объект, и перехватываются операции `get` (для **track** — сбора зависимостей) и `set`/`deleteProperty` (для **trigger** — запуска эффектов).\n\nПреимущества `Proxy` над `Object.defineProperty` (Vue 2):\n- **Перехват добавления/удаления свойств** — больше не нужны `Vue.set`/`Vue.delete`.\n- **Реактивность массивов по индексу и `length`** работает из коробки.\n- **Поддержка `Map`/`Set`/`WeakMap`** через отдельные хендлеры.\n- **Ленивость**: вложенные объекты оборачиваются в Proxy **по требованию** при первом доступе, а не рекурсивно при инициализации — дешевле для больших структур.\n\nМеханизм отслеживания:\n1. Геттер вызывает `track(target, key)` — связывает текущий активный эффект (`activeEffect`) с парой target+key.\n2. Сеттер вызывает `trigger(target, key)` — поднимает все зависящие эффекты (рендер-функция, computed, watcher).\n\nПодводные камни:\n- Реактивность теряется при **деструктуризации** `reactive` (получаешь обычное значение, не Proxy).\n- Идентичность: `reactive(obj) !== obj` — сравнение по ссылке с оригиналом ломается.\n- Proxy не поддерживается в IE11 (для Vue 3 это не цель)."}'::jsonb, ARRAY['reactivity', 'proxy', 'track-trigger', 'vue2-vs-vue3']::text[]) on conflict (id) do nothing;
insert into anki.cards (id, note_id, deck_id, template_index, state) values ('0e1011f8-8b6d-d2c1-c601-198fc11c64bc', '82a47527-09b7-de03-57e5-c9ed54c10bd4', '55555555-5555-5555-5555-555555550004', 0, 'new') on conflict (id) do nothing;
insert into anki.notes (id, note_type_id, deck_id, fields, tags) values ('eb96f4cc-ba20-426a-bbd8-f95d50e62cc5', '11111111-1111-1111-1111-111111110001', '55555555-5555-5555-5555-555555550004', '{"Front":"ref vs reactive: в чём разница и что выбрать?","Back":"**`ref(value)`** — обёртка над любым значением (примитив или объект) с полем `.value`. В шаблоне `.value` разворачивается автоматически (auto-unwrap). Под капотом для объектов `ref` использует `reactive`.\n\n**`reactive(obj)`** — Proxy только для объектов/массивов/коллекций. К свойствам обращаешься напрямую, без `.value`.\n\nРазница и трейдоффы:\n- **Примитивы**: `reactive` для них не работает — нужен `ref`.\n- **Замена значения целиком**: `ref` можно переприсвоить (`r.value = newObj`), сохранив реактивность. `reactive`-переменную **нельзя переприсвоить** — потеряешь Proxy: `state = newObj` разорвёт связь.\n- **Деструктуризация**: при деструктуризации `reactive` свойства теряют реактивность; для `ref` это не проблема (но при деструктуризации `reactive` спасает `toRefs`).\n- **`.value`** — бойлерплейт у `ref`, но зато явно видно, что это реактивная ссылка.\n\nРекомендация (официальный стиль): использовать **`ref` как основной примитив** — единообразно для всего, проще не потерять реактивность. `reactive` — для сгруппированного состояния, где удобен прямой доступ."}'::jsonb, ARRAY['reactivity', 'ref', 'reactive', 'torefs']::text[]) on conflict (id) do nothing;
insert into anki.cards (id, note_id, deck_id, template_index, state) values ('164e1591-cda2-a2dc-4710-90f47a239b23', 'eb96f4cc-ba20-426a-bbd8-f95d50e62cc5', '55555555-5555-5555-5555-555555550004', 0, 'new') on conflict (id) do nothing;
insert into anki.notes (id, note_type_id, deck_id, fields, tags) values ('363d1146-f34d-78ea-41e1-a2b2d78c91d8', '11111111-1111-1111-1111-111111110001', '55555555-5555-5555-5555-555555550004', '{"Front":"Зачем нужен toRefs / toRef и какую проблему они решают?","Back":"Проблема: при **деструктуризации** `reactive`-объекта реактивность теряется, потому что вы извлекаете обычное значение, а не реактивную связь:\n```js\nconst state = reactive({ count: 0 })\nconst { count } = state // count — обычное число, связь разорвана\n```\n\n**`toRefs(reactiveObj)`** превращает каждое свойство реактивного объекта в `ref`, сохраняющий двустороннюю связь с источником:\n```js\nconst state = reactive({ count: 0, name: ''a'' })\nconst { count, name } = toRefs(state)\ncount.value++ // state.count тоже изменится\n```\n\n**`toRef(obj, ''key'')`** делает то же для одного свойства; поддерживает и не-реактивные источники (создаёт ref, синхронизированный с полем).\n\nГлавный кейс: **возврат из композабла**. Чтобы потребитель мог деструктурировать результат без потери реактивности:\n```js\nfunction useFeature() {\n  const state = reactive({ x: 1, y: 2 })\n  return toRefs(state) // деструктуризация на стороне вызова безопасна\n}\n```\n\nНюанс: `toRefs` создаёт ref только для **существующих** на момент вызова ключей; динамически добавленные позже свойства не попадут."}'::jsonb, ARRAY['reactivity', 'torefs', 'toref', 'composables']::text[]) on conflict (id) do nothing;
insert into anki.cards (id, note_id, deck_id, template_index, state) values ('6f607bda-7c6b-2090-0f3f-2995f93eabe5', '363d1146-f34d-78ea-41e1-a2b2d78c91d8', '55555555-5555-5555-5555-555555550004', 0, 'new') on conflict (id) do nothing;
insert into anki.notes (id, note_type_id, deck_id, fields, tags) values ('20a5f7bd-984b-c30b-f4c0-0744c87c597f', '11111111-1111-1111-1111-111111110001', '55555555-5555-5555-5555-555555550004', '{"Front":"Опиши жизненный цикл компонента Vue 3 и его хуки в Composition API.","Back":"Основные фазы и хуки (Options → Composition):\n- `beforeCreate`/`created` → **отсутствуют**: код `setup()` выполняется на их месте.\n- `beforeMount` → **`onBeforeMount`** — перед первой вставкой в DOM.\n- `mounted` → **`onMounted`** — DOM доступен, можно работать с рефами, запускать запросы, подписки.\n- `beforeUpdate` → **`onBeforeUpdate`** — перед перерисовкой после изменения реактивных данных.\n- `updated` → **`onUpdated`** — DOM обновлён (осторожно: не менять состояние, можно зациклить).\n- `beforeUnmount` → **`onBeforeUnmount`** — компонент ещё жив, удобно чистить таймеры/слушатели.\n- `unmounted` → **`onUnmounted`** — компонент снят.\n\nДополнительно:\n- **`onActivated` / `onDeactivated`** — для компонентов внутри `<keep-alive>`.\n- **`onErrorCaptured`** — перехват ошибок потомков.\n- **`onRenderTracked` / `onRenderTriggered`** — дев-хуки для отладки реактивных зависимостей рендера.\n\nВажные нюансы:\n- Хуки регистрируются **синхронно** внутри `setup` (или связанного с инстансом контекста) — нельзя вызывать в `setTimeout`/после `await` первой строки.\n- Можно регистрировать **несколько** колбэков одного хука — вызовутся по порядку.\n- В SSR `onMounted` и подобные **не выполняются** на сервере."}'::jsonb, ARRAY['lifecycle', 'composition-api', 'hooks', 'ssr']::text[]) on conflict (id) do nothing;
insert into anki.cards (id, note_id, deck_id, template_index, state) values ('6e7a544f-6b26-3458-710e-d68096d46e07', '20a5f7bd-984b-c30b-f4c0-0744c87c597f', '55555555-5555-5555-5555-555555550004', 0, 'new') on conflict (id) do nothing;
insert into anki.notes (id, note_type_id, deck_id, fields, tags) values ('1736de22-b1bc-c43f-84cc-57c925421aa2', '11111111-1111-1111-1111-111111110001', '55555555-5555-5555-5555-555555550004', '{"Front":"props и emits: как объявлять, валидировать и почему props read-only?","Back":"В `<script setup>`:\n```ts\nconst props = defineProps<{ id: number; title?: string }>()\nconst emit = defineEmits<{\n  (e: ''update'', value: number): void\n  (e: ''close''): void\n}>()\n```\n\n**Односторонний поток данных**: props текут сверху вниз и **read-only** в дочернем компоненте. Мутация props напрямую — антипаттерн (Vue выдаст warning в dev). Причины:\n- При следующем рендере родителя локальная мутация будет **затёрта**.\n- Теряется предсказуемость: непонятно, кто владелец данных.\n\nКак правильно \"менять\" prop:\n- Хочешь локальную копию — заведи `ref`/`computed` на основе prop.\n- Хочешь изменить у родителя — отправь `emit`, родитель обновит источник.\n\nВалидация props (Options-стиль объявления): `type`, `required`, `default`, `validator`. Для объектов/массивов `default` — фабричная функция.\n\nНюансы:\n- Деструктуризация props ломала реактивность; в новых версиях (3.5+) появилась **reactive props destructure** с дефолтами через обычный `=`.\n- `defineProps`/`defineEmits` — **макросы компилятора**, их не нужно импортировать, работают только в `<script setup>`.\n- Невалидированные/необъявленные атрибуты попадают в **fallthrough attributes** (`$attrs`)."}'::jsonb, ARRAY['props', 'emits', 'one-way-data-flow', 'script-setup']::text[]) on conflict (id) do nothing;
insert into anki.cards (id, note_id, deck_id, template_index, state) values ('80cfe6ca-2477-4d07-0308-bf293df23096', '1736de22-b1bc-c43f-84cc-57c925421aa2', '55555555-5555-5555-5555-555555550004', 0, 'new') on conflict (id) do nothing;
insert into anki.notes (id, note_type_id, deck_id, fields, tags) values ('a6d064f8-35b9-51ad-0e3d-ea2aab640598', '11111111-1111-1111-1111-111111110001', '55555555-5555-5555-5555-555555550004', '{"Front":"Как работает v-model на компоненте в Vue 3 и чем отличается от Vue 2?","Back":"`v-model` — синтаксический сахар над парой prop + событие.\n\nВ Vue 3 (до 3.4) дефолт: prop **`modelValue`** + событие **`update:modelValue`**:\n```vue\n<Child v-model=\"text\" />\n<!-- разворачивается в -->\n<Child :model-value=\"text\" @update:model-value=\"text = $event\" />\n```\n\nОтличия от Vue 2:\n- В Vue 2 дефолтный prop был `value` + событие `input`; кастомизация — через опцию `model`.\n- Vue 3 разрешает **несколько `v-model`** с аргументом: `v-model:title`, `v-model:content` (prop `title` + `update:title`).\n- **Кастомные модификаторы**: `v-model.capitalize` → доступен через `modelModifiers`.\n\nС Vue **3.4+** появился макрос **`defineModel()`** — рекомендуемый способ:\n```ts\nconst model = defineModel<string>()\n// или с аргументом\nconst title = defineModel<string>(''title'', { required: true })\nmodel.value = ''new'' // автоматически эмитит update:modelValue\n```\n`defineModel` возвращает ref, двусторонне связанный с родителем, и убирает бойлерплейт prop+emit."}'::jsonb, ARRAY['v-model', 'definemodel', 'two-way-binding', 'vue2-vs-vue3']::text[]) on conflict (id) do nothing;
insert into anki.cards (id, note_id, deck_id, template_index, state) values ('8766336b-a9c7-1bd8-56dc-3df319e026e0', 'a6d064f8-35b9-51ad-0e3d-ea2aab640598', '55555555-5555-5555-5555-555555550004', 0, 'new') on conflict (id) do nothing;
insert into anki.notes (id, note_type_id, deck_id, fields, tags) values ('34460705-12dd-2ada-1180-555163389de8', '11111111-1111-1111-1111-111111110001', '55555555-5555-5555-5555-555555550004', '{"Front":"Слоты: default, named и scoped — как работают и в чём разница?","Back":"Слоты — механизм передачи **разметки** от родителя в дочерний компонент (паттерн composition вместо props-каши).\n\n**Default slot** — безымянный контент:\n```vue\n<!-- Child --> <slot>дефолт, если ничего не передали</slot>\n<!-- Parent --> <Child>контент</Child>\n```\n\n**Named slots** — несколько точек вставки:\n```vue\n<!-- Child --> <slot name=\"header\" /> <slot /> <slot name=\"footer\" />\n<!-- Parent -->\n<Child>\n  <template #header>Шапка</template>\n  Тело (default)\n  <template #footer>Подвал</template>\n</Child>\n```\n\n**Scoped slots** — дочерний компонент **передаёт данные наверх** в слот (инверсия: ребёнок владеет данными, родитель — разметкой):\n```vue\n<!-- Child --> <slot :item=\"item\" :index=\"i\" />\n<!-- Parent -->\n<Child v-slot=\"{ item, index }\">{{ index }}: {{ item.name }}</Child>\n```\nКлассический кейс — рендерлесс-компоненты (списки, таблицы, `<RouterView>`-подобные).\n\nНюансы:\n- Доступ к слотам в JS — через `useSlots()` / `slots` в render-функции.\n- Проверка наличия слота: `slots.header?.()` или `$slots.header`.\n- Слоты компилируются в **функции** — контент создаётся в скоупе родителя, но рендерится ребёнком.\n- Динамическое имя: `<template #[dynamicName]>`."}'::jsonb, ARRAY['slots', 'scoped-slots', 'named-slots', 'renderless']::text[]) on conflict (id) do nothing;
insert into anki.cards (id, note_id, deck_id, template_index, state) values ('1f54963d-1268-66ff-3e4a-5844b8dd65ce', '34460705-12dd-2ada-1180-555163389de8', '55555555-5555-5555-5555-555555550004', 0, 'new') on conflict (id) do nothing;
insert into anki.notes (id, note_type_id, deck_id, fields, tags) values ('06718d70-9097-7082-62ee-23980531ef7f', '11111111-1111-1111-1111-111111110001', '55555555-5555-5555-5555-555555550004', '{"Front":"provide / inject: как работает и как сделать реактивным?","Back":"**`provide(key, value)`** в предке делает значение доступным всем потомкам через **`inject(key, default?)`**, минуя проброс props по цепочке (prop drilling). Работает на любую глубину.\n\nРеактивность:\n- Если **provide-ить `ref`/`reactive`**, потомки получат реактивное значение — изменение источника обновит инжекторы:\n```ts\n// предок\nconst theme = ref(''dark'')\nprovide(''theme'', theme)\n// потомок\nconst theme = inject(''theme'') // ref, реактивен\n```\n- Если provide-ить **примитив** (`provide(''x'', 1)`) — реактивности не будет.\n\nЛучшие практики:\n- **Менять состояние должен provider**, а не потомок. Чтобы дать потомку контролируемый способ менять — провайдь и функцию-мутатор:\n```ts\nprovide(''theme'', { theme, setTheme: (v) => theme.value = v })\n```\n- Для **read-only** оборачивай в `readonly(state)`, чтобы потомки не мутировали напрямую.\n- Используй **`Symbol` или типизированный `InjectionKey<T>`** как ключ — избегаешь коллизий имён и получаешь типы:\n```ts\nimport { InjectionKey } from ''vue''\nconst key: InjectionKey<Ref<string>> = Symbol(''theme'')\n```\n\nГраницы применения: provide/inject хорош для \"вертикальных\" зависимостей (тема, локаль, форма), но для глобального общего состояния лучше **Pinia** — у него devtools, SSR, явная структура."}'::jsonb, ARRAY['provide-inject', 'reactivity', 'injection-key', 'dependency-injection']::text[]) on conflict (id) do nothing;
insert into anki.cards (id, note_id, deck_id, template_index, state) values ('722e1b0e-6426-5d4d-13fe-1cf8fc322ef2', '06718d70-9097-7082-62ee-23980531ef7f', '55555555-5555-5555-5555-555555550004', 0, 'new') on conflict (id) do nothing;
insert into anki.notes (id, note_type_id, deck_id, fields, tags) values ('2e2ee184-3ec1-41e7-e8f7-9a9bdb101137', '11111111-1111-1111-1111-111111110001', '55555555-5555-5555-5555-555555550004', '{"Front":"Что такое computed и почему он эффективнее метода?","Back":"**`computed`** — производное реактивное значение с **кэшированием**. Пересчитывается лениво и только когда меняется одна из его реактивных зависимостей.\n\n```ts\nconst doubled = computed(() => count.value * 2)\n```\n\nПочему эффективнее метода в шаблоне:\n- **Метод** (`{{ getDoubled() }}`) выполняется **на каждый рендер** компонента, даже если входные данные не менялись.\n- **Computed** кэширует результат и отдаёт его без пересчёта, пока зависимости стабильны. Дорогие вычисления (фильтрация/сортировка списков) делать computed.\n\nМеханизм: computed — это особый эффект, который сам является зависимостью для тех, кто его читает, и сам зависит от того, что прочитал внутри. Флаг `dirty` помечает необходимость пересчёта при `trigger` зависимостей.\n\nНюансы:\n- Computed по умолчанию **read-only**; для записи — `computed({ get, set })`.\n- Геттер должен быть **чистым**: без сайд-эффектов, мутаций, асинхронщины. Для побочных эффектов — `watch`/`watchEffect`.\n- Кэш привязан к **реактивным** зависимостям: если внутри читать обычную переменную или `Date.now()`, кэш не будет инвалидироваться корректно.\n- В 3.4+ computed не триггерит зависимых, если новое значение **строго равно** старому (оптимизация)."}'::jsonb, ARRAY['computed', 'caching', 'reactivity', 'performance']::text[]) on conflict (id) do nothing;
insert into anki.cards (id, note_id, deck_id, template_index, state) values ('3135de8e-6e75-1456-f8bd-2c50697b1ad2', '2e2ee184-3ec1-41e7-e8f7-9a9bdb101137', '55555555-5555-5555-5555-555555550004', 0, 'new') on conflict (id) do nothing;
insert into anki.notes (id, note_type_id, deck_id, fields, tags) values ('d2936587-5f6d-4a64-6ffe-785eaa014c26', '11111111-1111-1111-1111-111111110001', '55555555-5555-5555-5555-555555550004', '{"Front":"v-once и v-memo: для чего нужны и чем отличаются?","Back":"Обе директивы — про **пропуск повторного рендера** ради производительности.\n\n**`v-once`** — рендерит элемент/поддерево **один раз** и больше никогда не обновляет, даже если данные изменились. Vue кэширует VNode и пропускает его при патче.\n```vue\n<div v-once>{{ expensiveStaticTitle }}</div>\n```\nКейс: статический контент, который вычисляется один раз (тяжёлый текст, не меняющиеся данные).\n\n**`v-memo=\"[deps]\"`** — мемоизирует поддерево: перерисовывает его, только если изменился хотя бы один элемент массива зависимостей (как `React.memo`/`useMemo`). Если deps те же — Vue переиспользует прошлые VNode.\n```vue\n<div v-for=\"item in list\" :key=\"item.id\" v-memo=\"[item.selected]\">\n  <!-- перерисуется только при смене selected -->\n</div>\n```\nКейс: **большие списки** (`v-for` на тысячи строк), где обновляется лишь малая часть.\n\nОтличия:\n- `v-once` — \"никогда не обновлять\"; `v-memo` — \"обновлять при смене указанных deps\".\n- `v-memo` с пустым `[]` ≈ `v-once`.\n\nПредостережение: это **точечные** оптимизации. Применять только при доказанных проблемах производительности — неправильные deps в `v-memo` дают **баги с устаревшим UI**, которые сложно отлаживать."}'::jsonb, ARRAY['v-once', 'v-memo', 'performance', 'memoization']::text[]) on conflict (id) do nothing;
insert into anki.cards (id, note_id, deck_id, template_index, state) values ('f9cf4ba0-c9a5-a0c9-ce84-8236eb2611f7', 'd2936587-5f6d-4a64-6ffe-785eaa014c26', '55555555-5555-5555-5555-555555550004', 0, 'new') on conflict (id) do nothing;
insert into anki.notes (id, note_type_id, deck_id, fields, tags) values ('da1beea9-b16f-ce13-aabd-601bad1b1ced', '11111111-1111-1111-1111-111111110001', '55555555-5555-5555-5555-555555550004', '{"Front":"shallowRef / shallowReactive: зачем нужны и какие подводные камни?","Back":"Обычные `ref`/`reactive` делают реактивность **глубокой** — вложенные объекты тоже оборачиваются в Proxy при доступе. Для больших/неизменяемых структур это лишние накладные расходы.\n\n**`shallowRef`** — реактивно только присвоение `.value` целиком; внутренности **не** реактивны:\n```ts\nconst state = shallowRef({ a: 1 })\nstate.value.a = 2      // НЕ триггерит рендер\nstate.value = { a: 2 } // триггерит (замена .value)\n```\n\n**`shallowReactive`** — реактивны только свойства верхнего уровня; вложенные объекты остаются \"сырыми\".\n\nКейсы:\n- **Большие неизменяемые структуры** (данные из API, которые целиком заменяешь) — экономия на оборачивании.\n- Интеграция с **внешними библиотеками** с собственным состоянием (инстансы редактора, графики, карты) — не хочешь, чтобы Vue лез в их потроха.\n- Иммутабельные паттерны: меняешь через замену ссылки.\n\nПодводные камни:\n- Мутация вложенного поля **не вызовет обновления** — частая причина \"почему не реагирует\". Нужно заменять верхний уровень или вызывать `triggerRef(state)` вручную.\n- `shallowReactive` поверхностный: `state.nested.x = 1` не реактивно.\n- Связан с **`markRaw`** — пометить объект, который никогда не должен становиться реактивным."}'::jsonb, ARRAY['shallowref', 'shallowreactive', 'performance', 'markraw']::text[]) on conflict (id) do nothing;
insert into anki.cards (id, note_id, deck_id, template_index, state) values ('1ac2632d-ea32-6719-8f7e-539ba7c40327', 'da1beea9-b16f-ce13-aabd-601bad1b1ced', '55555555-5555-5555-5555-555555550004', 0, 'new') on conflict (id) do nothing;
insert into anki.notes (id, note_type_id, deck_id, fields, tags) values ('c0503727-e019-f519-dd7d-2d785bd8feaa', '11111111-1111-1111-1111-111111110001', '55555555-5555-5555-5555-555555550004', '{"Front":"keep-alive: как работает кэширование компонентов и его хуки?","Back":"**`<KeepAlive>`** кэширует **инстансы** обёрнутых компонентов вместо их размонтирования при переключении. Состояние и DOM сохраняются — полезно для табов, форм-визардов, кэша страниц в роутере.\n\n```vue\n<KeepAlive>\n  <component :is=\"currentTab\" />\n</KeepAlive>\n```\n\nХуки жизненного цикла для кэшируемых компонентов:\n- **`onActivated`** — компонент достали из кэша и снова показали.\n- **`onDeactivated`** — компонент спрятали (но не размонтировали).\n`onMounted`/`onUnmounted` срабатывают только при реальном создании/уничтожении.\n\nНастройка кэша:\n- `include` / `exclude` — по имени компонента (важно: компонент должен иметь `name` или `__name`).\n- `max` — лимит количества инстансов в кэше (LRU-вытеснение).\n\nС роутером:\n```vue\n<RouterView v-slot=\"{ Component }\">\n  <KeepAlive>\n    <component :is=\"Component\" />\n  </KeepAlive>\n</RouterView>\n```\n\nПодводные камни:\n- **Утечки**: кэшируемые компоненты держат таймеры/подписки живыми — чисти/паузь их в `onDeactivated`, а не только в `onUnmounted`.\n- Без `max` большой кэш съедает память.\n- Данные не рефрешатся при возврате — если нужна свежесть, перезапрашивай в `onActivated`."}'::jsonb, ARRAY['keep-alive', 'caching', 'lifecycle', 'performance']::text[]) on conflict (id) do nothing;
insert into anki.cards (id, note_id, deck_id, template_index, state) values ('198ebeb0-752e-2bdd-71c5-7def8ea55b76', 'c0503727-e019-f519-dd7d-2d785bd8feaa', '55555555-5555-5555-5555-555555550004', 0, 'new') on conflict (id) do nothing;
insert into anki.notes (id, note_type_id, deck_id, fields, tags) values ('e946df7f-ae66-d440-85a0-240cf563a7bf', '11111111-1111-1111-1111-111111110001', '55555555-5555-5555-5555-555555550004', '{"Front":"Ленивые (асинхронные) компоненты: defineAsyncComponent и code-splitting.","Back":"**`defineAsyncComponent`** позволяет загружать компонент **по требованию** (отдельным чанком), уменьшая начальный бандл:\n```ts\nimport { defineAsyncComponent } from ''vue''\nconst Heavy = defineAsyncComponent(() => import(''./Heavy.vue''))\n```\nДинамический `import()` — сигнал бандлеру (Vite/webpack) выделить **отдельный chunk**, который грузится при первом рендере компонента.\n\nРасширенная форма с UX-состояниями:\n```ts\nconst Comp = defineAsyncComponent({\n  loader: () => import(''./Comp.vue''),\n  loadingComponent: Spinner,\n  errorComponent: ErrorView,\n  delay: 200,      // задержка перед показом loading\n  timeout: 10000,  // когда считать ошибкой\n})\n```\n\nСвязка с **`<Suspense>`** (экспериментально): асинхронные компоненты с `async setup()` могут резолвиться внутри `<Suspense>`, который покажет fallback на время загрузки.\n\nКейсы code-splitting:\n- **Роуты** — ленивые компоненты в `vue-router` (`component: () => import(...)`).\n- **Тяжёлые виджеты** ниже фолда (графики, редакторы, модалки).\n\nПодводные камни:\n- Слишком мелкое дробление → много мелких запросов, оверхед. Балансируй гранулярность.\n- Нужна обработка **ошибки загрузки чанка** (например, после деплоя старый чанк пропал) — retry/перезагрузка страницы."}'::jsonb, ARRAY['async-components', 'code-splitting', 'lazy-loading', 'suspense']::text[]) on conflict (id) do nothing;
insert into anki.cards (id, note_id, deck_id, template_index, state) values ('efcda206-4011-59b6-9eba-1370d6a001a6', 'e946df7f-ae66-d440-85a0-240cf563a7bf', '55555555-5555-5555-5555-555555550004', 0, 'new') on conflict (id) do nothing;
insert into anki.notes (id, note_type_id, deck_id, fields, tags) values ('df8fa9d0-e431-b4b9-122c-18a12a8e3cb3', '11111111-1111-1111-1111-111111110001', '55555555-5555-5555-5555-555555550004', '{"Front":"Зачем нужен key в v-for и при переключении компонентов?","Back":"**`key`** — уникальная подсказка алгоритму патчинга для идентификации VNode между рендерами.\n\nВ `v-for`:\n- Без `key` (или с `index` как key) Vue использует стратегию **\"in-place patch\"** — переиспользует DOM-элементы по позиции. При изменении порядка/вставке/удалении это приводит к **багам состояния**: значения инпутов, фокус, анимации \"прилипают\" не к тем элементам.\n- Стабильный уникальный `key` (например `item.id`) позволяет Vue корректно сопоставлять, **переиспользовать, перемещать или пересоздавать** элементы.\n\nПочему `index` — плохой key: при вставке в начало все индексы сдвигаются, Vue считает, что изменились все элементы → лишние перерисовки и потеря локального состояния.\n\nForce re-mount через key:\n```vue\n<UserProfile :key=\"userId\" :id=\"userId\" />\n```\nСмена `key` заставляет Vue **уничтожить старый и создать новый** инстанс (сброс состояния, повторный `onMounted`). Полезно, когда нужно \"перезапустить\" компонент при смене ключевого параметра (например, профиль другого юзера).\n\nНюанс: `key` влияет на алгоритм diff в `<transition>` — без него анимации переходов между элементами не сработают корректно."}'::jsonb, ARRAY['key', 'v-for', 'diffing', 'force-remount']::text[]) on conflict (id) do nothing;
insert into anki.cards (id, note_id, deck_id, template_index, state) values ('04423381-c2d5-d255-5953-8af78cfb7857', 'df8fa9d0-e431-b4b9-122c-18a12a8e3cb3', '55555555-5555-5555-5555-555555550004', 0, 'new') on conflict (id) do nothing;
insert into anki.notes (id, note_type_id, deck_id, fields, tags) values ('4e94e06a-3d25-85ed-8a96-3fdef43e6394', '11111111-1111-1111-1111-111111110001', '55555555-5555-5555-5555-555555550004', '{"Front":"Как работает render-функция и h()? Когда писать render вместо шаблона?","Back":"Шаблоны Vue компилируются в **render-функцию**, возвращающую дерево VNode. Можно писать render вручную через **`h()`** (hyperscript / `createVNode`):\n```ts\nimport { h } from ''vue''\nexport default {\n  setup() {\n    return () => h(''div'', { class: ''box'' }, [\n      h(''span'', ''Привет''),\n      h(MyComponent, { msg: ''hi'' }, { default: () => ''slot content'' })\n    ])\n  }\n}\n```\n\nСигнатура: `h(type, props?, children?)`\n- `type` — строка тега, компонент или функциональный компонент.\n- `props` — атрибуты, события (`onClick`), `class`, `style`.\n- `children` — строка, массив VNode или **объект слотов** (`{ default: () => [...] }`).\n\nКогда render предпочтительнее шаблона:\n- **Высоко динамическая** структура, которую неудобно выразить шаблоном (генерация по схеме, рекурсивные деревья).\n- **Библиотечные/рендерлесс** компоненты, обёртки, динамический выбор тега.\n- Программная работа с VNode (клонирование, фильтрация слотов).\n\nТрейдоффы:\n- Минус: теряются **compile-time оптимизации** (static hoisting, patch flags) — шаблон обычно быстрее и читаемее.\n- Минус: меньше \"декларативности\", сложнее для команды.\n- `setup` должен **возвращать функцию** рендера, чтобы реактивность пересоздавала VNode при изменениях."}'::jsonb, ARRAY['render-function', 'h', 'vnode', 'templates']::text[]) on conflict (id) do nothing;
insert into anki.cards (id, note_id, deck_id, template_index, state) values ('cca32ae7-a475-217d-66be-18feb4582abf', '4e94e06a-3d25-85ed-8a96-3fdef43e6394', '55555555-5555-5555-5555-555555550004', 0, 'new') on conflict (id) do nothing;
insert into anki.notes (id, note_type_id, deck_id, fields, tags) values ('bd21af24-3d54-42ac-254f-cbf6a552dcef', '11111111-1111-1111-1111-111111110001', '55555555-5555-5555-5555-555555550004', '{"Front":"JSX/TSX во Vue 3: как работает и чем отличается от шаблонов?","Back":"Vue поддерживает **JSX/TSX** через babel-плагин (`@vue/babel-plugin-jsx`) или Vite-плагин. JSX — это синтаксический сахар над `h()`:\n```tsx\nimport { defineComponent, ref } from ''vue''\nexport default defineComponent({\n  setup() {\n    const count = ref(0)\n    return () => (\n      <button onClick={() => count.value++}>\n        Счёт: {count.value}\n      </button>\n    )\n  }\n})\n```\n\nОтличия от React-JSX:\n- Директивы выражаются иначе: вместо `v-if`/`v-for` — обычные JS-конструкции (тернарник, `.map()`).\n- События: `onClick` (как React), модификаторы — через `onClickCapture`, `v-on` объект или хелперы `withModifiers`.\n- `v-model` доступен в JSX-плагине, `v-show` тоже.\n- Слоты передаются как объект-children: `<Comp>{{ default: () => <span/> }}</Comp>`.\n\nТрейдоффы:\n- Плюс: вся мощь JS, удобно для **динамической** разметки и компонентов-фабрик; хорошая типизация.\n- Минус: теряются **compile-time оптимизации** шаблонного компилятора (patch flags, hoisting) — потенциально медленнее на горячих участках.\n- Минус: меньшая часть экосистемы/линтеров заточена под Vue-JSX; команда чаще привыкла к SFC-шаблонам.\n\nИтог: шаблоны — дефолт (оптимизации + читаемость), JSX — для редких сильно динамических случаев."}'::jsonb, ARRAY['jsx', 'tsx', 'render-function', 'templates']::text[]) on conflict (id) do nothing;
insert into anki.cards (id, note_id, deck_id, template_index, state) values ('2ae83111-f5e9-a93f-da8a-2648267976b0', 'bd21af24-3d54-42ac-254f-cbf6a552dcef', '55555555-5555-5555-5555-555555550004', 0, 'new') on conflict (id) do nothing;
insert into anki.notes (id, note_type_id, deck_id, fields, tags) values ('41f9d1b2-d568-9570-be9e-5e668c1f1825', '11111111-1111-1111-1111-111111110001', '55555555-5555-5555-5555-555555550004', '{"Front":"Как устроены плагины во Vue 3? Что делает app.use()?","Back":"**Плагин** — объект с методом `install(app, options)` или просто функция. Регистрируется через **`app.use(plugin, options)`**:\n```ts\nconst myPlugin = {\n  install(app, options) {\n    app.config.globalProperties.$http = createHttp(options)\n    app.provide(''config'', options)\n    app.component(''GlobalBtn'', Btn)\n    app.directive(''focus'', { mounted: el => el.focus() })\n  }\n}\ncreateApp(App).use(myPlugin, { baseURL: ''/api'' }).mount(''#app'')\n```\n\nЧто типично делает плагин:\n- Регистрирует **глобальные компоненты/директивы**.\n- Добавляет **`globalProperties`** (аналог Vue.prototype из Vue 2).\n- Делает **`app.provide`** для inject во всём приложении (DI-способ, предпочтительнее globalProperties).\n- Инициализирует библиотеку (Pinia, Router, i18n).\n\nДетали:\n- `app.use` **идемпотентен**: повторная установка того же плагина игнорируется.\n- Возвращает экземпляр приложения → **чейнится**.\n- В отличие от Vue 2, всё привязано к **конкретному `app`-инстансу**, а не глобально — можно иметь несколько изолированных приложений на странице (важно для микрофронтендов, виджетов, тестов).\n\nИменно как плагины подключаются `app.use(router)`, `app.use(createPinia())`, `app.use(i18n)`."}'::jsonb, ARRAY['plugins', 'app-use', 'provide', 'global-properties']::text[]) on conflict (id) do nothing;
insert into anki.cards (id, note_id, deck_id, template_index, state) values ('e6fcbe35-b606-5438-adf8-67499e8d44ed', '41f9d1b2-d568-9570-be9e-5e668c1f1825', '55555555-5555-5555-5555-555555550004', 0, 'new') on conflict (id) do nothing;
insert into anki.notes (id, note_type_id, deck_id, fields, tags) values ('5b0e74b1-d7be-c790-947e-b195bcf15e1c', '11111111-1111-1111-1111-111111110001', '55555555-5555-5555-5555-555555550004', '{"Front":"Опиши архитектуру Vue 3: компилятор шаблонов, реактивность, рантайм.","Back":"Vue 3 — модульный монорепозиторий из независимых пакетов:\n- **`@vue/reactivity`** — система реактивности (`ref`, `reactive`, `effect`, `computed`). Независима, используется и вне Vue.\n- **`@vue/compiler-core` / `compiler-dom` / `compiler-sfc`** — компилятор: парсит шаблон в AST, трансформирует, генерирует render-функцию.\n- **`@vue/runtime-core`** — платформо-независимый рантайм (компоненты, VNode, scheduler, patch-алгоритм).\n- **`@vue/runtime-dom`** — привязка к DOM (создание элементов, атрибуты, события).\n\nПоток рендера:\n1. **Компиляция** (build-time): шаблон → render-функция. Компилятор анализирует разметку и расставляет **оптимизационные подсказки**.\n2. **Создание VNode**: render-функция возвращает дерево виртуального DOM.\n3. **Mount**: рантайм создаёт реальный DOM из VNode.\n4. **Реактивное обновление**: рендер компонента оборачивается в **эффект**; при изменении зависимостей эффект перезапускается, создаёт новый VNode, и **patch** диффит старое дерево с новым.\n\nCompile-time оптимизации (отличают Vue 3):\n- **Patch flags** — VNode помечается, какие именно части динамичны (только class, только текст и т.п.) — патч проверяет только их.\n- **Static hoisting** — статические VNode выносятся за пределы render-функции, создаются один раз.\n- **Tree flattening / block tree** — собирает динамические узлы в плоский массив, пропуская статические поддеревья при diff.\n\nИменно компилятор + информированный рантайм дают прирост скорости по сравнению с Vue 2."}'::jsonb, ARRAY['architecture', 'compiler', 'runtime', 'reactivity']::text[]) on conflict (id) do nothing;
insert into anki.cards (id, note_id, deck_id, template_index, state) values ('75960cf6-4058-4d05-63e7-de03f25c4fef', '5b0e74b1-d7be-c790-947e-b195bcf15e1c', '55555555-5555-5555-5555-555555550004', 0, 'new') on conflict (id) do nothing;
insert into anki.notes (id, note_type_id, deck_id, fields, tags) values ('ae3cf767-b81e-ad04-7778-9e323c6e2603', '11111111-1111-1111-1111-111111110001', '55555555-5555-5555-5555-555555550004', '{"Front":"Что такое Virtual DOM и как работает алгоритм patch во Vue 3?","Back":"**Virtual DOM (VNode)** — лёгкое JS-описание реального DOM-узла (тип, props, children). При изменении состояния создаётся новое дерево VNode, которое **диффится** со старым, и в реальный DOM применяются только различия.\n\nАлгоритм **patch** сравнивает старый и новый VNode:\n- Разные `type`/`key` → старый узел уничтожается, создаётся новый.\n- Одинаковые → патчатся props и рекурсивно children.\n\nДиф детей (особенно списков):\n- Использует **`key`** для сопоставления.\n- Применяется оптимизированный алгоритм с поиском **longest increasing subsequence (LIS)** для минимизации перемещений DOM-узлов при переупорядочивании.\n\nVue 3 vs наивный VDOM:\n- **Patch flags**: компилятор помечает, что в узле динамично. Патч не сравнивает всё дерево \"в лоб\", а идёт только по динамическим узлам.\n- **Block tree**: каждый блок хранит плоский массив динамических потомков (`dynamicChildren`), статические поддеревья **пропускаются целиком**. Стоимость diff пропорциональна количеству динамических узлов, а не размеру шаблона.\n\nПочему VDOM вообще: абстрагирует прямые DOM-манипуляции (которые дороги), даёт декларативность и кроссплатформенность (можно рендерить не только в DOM). Трейдофф — оверхед на создание/сравнение VNode, который Vue 3 минимизирует за счёт compile-time информации (в отличие от чисто рантаймовых VDOM-библиотек)."}'::jsonb, ARRAY['virtual-dom', 'patch', 'diffing', 'patch-flags']::text[]) on conflict (id) do nothing;
insert into anki.cards (id, note_id, deck_id, template_index, state) values ('e9cb2bd4-f3c3-a68e-5665-41db226e39eb', 'ae3cf767-b81e-ad04-7778-9e323c6e2603', '55555555-5555-5555-5555-555555550004', 0, 'new') on conflict (id) do nothing;
insert into anki.notes (id, note_type_id, deck_id, fields, tags) values ('833eef89-a262-271c-4437-459ad961a307', '11111111-1111-1111-1111-111111110001', '55555555-5555-5555-5555-555555550004', '{"Front":"Pinia: что такое state/getters/actions и как объявить стор?","Back":"**Pinia** — официальный state-менеджер Vue 3. Два стиля объявления:\n\nSetup-стиль (рекомендуемый, ближе к Composition API):\n```ts\nexport const useCounter = defineStore(''counter'', () => {\n  const count = ref(0)              // state\n  const double = computed(() => count.value * 2) // getter\n  function increment() { count.value++ }          // action\n  return { count, double, increment }\n})\n```\n\nOptions-стиль:\n```ts\nexport const useCounter = defineStore(''counter'', {\n  state: () => ({ count: 0 }),\n  getters: { double: (s) => s.count * 2 },\n  actions: { increment() { this.count++ } }\n})\n```\n\nСоставляющие:\n- **state** — реактивные данные (фабрика-функция, чтобы каждый инстанс был изолирован, важно для SSR).\n- **getters** — производное кэшируемое состояние (как `computed`); могут обращаться к другим геттерам.\n- **actions** — методы для мутаций и **асинхронной** логики (запросы, бизнес-логика). В отличие от Vuex, **синхронные и асинхронные изменения делаются одинаково** в actions.\n\nИспользование:\n```ts\nconst store = useCounter()\n// деструктуризация с сохранением реактивности:\nconst { count, double } = storeToRefs(store)\nstore.increment() // методы можно деструктурировать напрямую\n```\n\nНюанс: стор — синглтон в рамках Pinia-инстанса; `useStore()` нужно вызывать внутри `setup`/компонента (или после установки Pinia)."}'::jsonb, ARRAY['pinia', 'state-management', 'store', 'storetorefs']::text[]) on conflict (id) do nothing;
insert into anki.cards (id, note_id, deck_id, template_index, state) values ('3e876525-1b40-f5f8-5ec9-58f3f564ea16', '833eef89-a262-271c-4437-459ad961a307', '55555555-5555-5555-5555-555555550004', 0, 'new') on conflict (id) do nothing;
insert into anki.notes (id, note_type_id, deck_id, fields, tags) values ('212bce1b-e1d1-ace8-f053-71bbcac0d9e4', '11111111-1111-1111-1111-111111110001', '55555555-5555-5555-5555-555555550004', '{"Front":"Чем Pinia отличается от Vuex и почему стала дефолтом?","Back":"Pinia — преемник Vuex (по сути Vuex 5), стала официальной рекомендацией.\n\nКлючевые отличия:\n- **Нет mutations**. В Vuex был обязательный слой `mutations` (только синхронные) + `actions` (асинхронные). В Pinia всё меняется прямо в **actions** или даже напрямую через `store.count++`. Меньше бойлерплейта.\n- **Нет модулей и namespaced-ада**. Вместо одного дерева с модулями — **плоский набор независимых сторов**, каждый со своим id. Импортируешь нужный стор хуком `useStore()`.\n- **Типизация из коробки**. Vuex имел слабую поддержку TS (типы для `state`/`commit`/`dispatch` приходилось дописывать). Pinia типобезопасна без усилий.\n- **Composition API дружелюбна**: setup-стиль стора = тот же код, что в компоненте.\n- **Меньше API**: нет `mapState`/`mapActions`-магии строками; вместо этого `storeToRefs` и прямой вызов.\n- **Code-splitting**: сторы тришейкаются и грузятся лениво вместе с фичами.\n\nЧто общего: реактивное централизованное состояние, интеграция с **Vue Devtools** (timeline, time-travel), плагины, SSR-поддержка.\n\nИтог: Pinia проще, типобезопаснее и легче, поэтому Vue-команда сделала её стандартом, а Vuex переведён в maintenance-режим."}'::jsonb, ARRAY['pinia', 'vuex', 'state-management', 'comparison']::text[]) on conflict (id) do nothing;
insert into anki.cards (id, note_id, deck_id, template_index, state) values ('baaf92b1-510b-2f14-472a-5dca8d5ebc75', '212bce1b-e1d1-ace8-f053-71bbcac0d9e4', '55555555-5555-5555-5555-555555550004', 0, 'new') on conflict (id) do nothing;
insert into anki.notes (id, note_type_id, deck_id, fields, tags) values ('fd4ae528-59f0-0d50-ad79-c9633feffa4e', '11111111-1111-1111-1111-111111110001', '55555555-5555-5555-5555-555555550004', '{"Front":"Vue Router: динамические маршруты и доступ к параметрам.","Back":"**Динамические сегменты** объявляются через `:param`:\n```ts\nconst routes = [\n  { path: ''/users/:id'', component: User },\n  { path: ''/files/:path(.*)*'', component: File } // catch-all с regex\n]\n```\nДоступ к параметрам:\n- В шаблоне/Options: `$route.params.id`.\n- В Composition API: `const route = useRoute(); route.params.id`.\n\nВажные нюансы:\n- При переходе **между одним и тем же компонентом** с разными params (`/users/1` → `/users/2`) компонент **переиспользуется**, `onMounted` **не вызывается** повторно. Чтобы реагировать — `watch(() => route.params.id, ...)` или `beforeRouteUpdate`. Альтернатива — форс-ремаунт через `:key=\"route.fullPath\"` на `<RouterView>`.\n- **Props-режим**: `props: true` в роуте передаёт params как props компонента — компонент развязан с роутером, легче тестировать.\n- **Опциональные** и **повторяющиеся** параметры: `:id?`, `:chapters+`, `:chapters*`.\n- Кастомный regex в сегменте: `/:id(\\\\d+)` — только цифры.\n\nРежимы истории: `createWebHistory()` (HTML5, нужны серверные rewrites на index.html), `createWebHashHistory()` (через `#`, без настройки сервера), `createMemoryHistory()` (SSR/тесты)."}'::jsonb, ARRAY['vue-router', 'dynamic-routes', 'route-params', 'history-mode']::text[]) on conflict (id) do nothing;
insert into anki.cards (id, note_id, deck_id, template_index, state) values ('8aa3f493-6a06-5d02-5762-a2d72815c49f', 'fd4ae528-59f0-0d50-ad79-c9633feffa4e', '55555555-5555-5555-5555-555555550004', 0, 'new') on conflict (id) do nothing;
insert into anki.notes (id, note_type_id, deck_id, fields, tags) values ('e7516acd-61bf-6e42-482e-a97171cd96c4', '11111111-1111-1111-1111-111111110001', '55555555-5555-5555-5555-555555550004', '{"Front":"Navigation guards в Vue Router: какие бывают и порядок срабатывания.","Back":"Гарды позволяют контролировать навигацию (авторизация, подтверждение ухода, загрузка данных).\n\nУровни:\n- **Глобальные**: `router.beforeEach`, `router.beforeResolve`, `router.afterEach`.\n- **На уровне маршрута**: `beforeEnter` в объекте route.\n- **В компоненте**: `beforeRouteEnter`, `beforeRouteUpdate`, `beforeRouteLeave` (+ Composition-аналоги `onBeforeRouteUpdate`, `onBeforeRouteLeave`).\n\nАPI гарда: `(to, from)` → возвращает:\n- `true`/`undefined` — продолжить;\n- `false` — отменить;\n- объект location (`{ name: ''login'' }`) — редирект.\n(В Vue Router 4 предпочтителен **return** вместо старого `next()`.)\n\nПолный порядок при навигации:\n1. `beforeRouteLeave` (покидаемых компонентов)\n2. `beforeEach` (глобальный)\n3. `beforeRouteUpdate` (переиспользуемых компонентов)\n4. `beforeEnter` (маршрута)\n5. резолв async-компонентов\n6. `beforeRouteEnter` (входящих компонентов)\n7. `beforeResolve` (глобальный)\n8. навигация подтверждена\n9. `afterEach` (глобальный, без возможности отмены)\n\nНюансы:\n- В `beforeRouteEnter` нет доступа к `this` (компонент ещё не создан) — используют колбэк `next(vm => ...)`.\n- Защита авторизации обычно в `beforeEach`: проверка токена/роли и редирект на login.\n- Не делать тяжёлые блокирующие операции — навигация будет \"висеть\"."}'::jsonb, ARRAY['vue-router', 'navigation-guards', 'authorization', 'lifecycle']::text[]) on conflict (id) do nothing;
insert into anki.cards (id, note_id, deck_id, template_index, state) values ('43673e5f-59bd-212a-54aa-e52163e0db37', 'e7516acd-61bf-6e42-482e-a97171cd96c4', '55555555-5555-5555-5555-555555550004', 0, 'new') on conflict (id) do nothing;
insert into anki.notes (id, note_type_id, deck_id, fields, tags) values ('ef94703e-3a7b-bdef-ecac-d990bc62b2b0', '11111111-1111-1111-1111-111111110001', '55555555-5555-5555-5555-555555550004', '{"Front":"Ленивая загрузка маршрутов в Vue Router: как и зачем?","Back":"Вместо статического импорта компонента маршрута используют **динамический `import()`**, чтобы выделить роут в отдельный чанк и не тащить его в начальный бандл:\n```ts\nconst routes = [\n  { path: ''/'', component: () => import(''./views/Home.vue'') },\n  { path: ''/admin'', component: () => import(''./views/Admin.vue'') }\n]\n```\nБандлер (Vite/webpack) создаёт отдельный chunk на каждый такой импорт; он грузится **при первом переходе** на маршрут.\n\nЗачем:\n- **Меньше initial bundle** → быстрее First Contentful Paint, особенно для крупных приложений с десятками страниц.\n- Редко используемые/тяжёлые разделы (админка, отчёты) не грузятся всем пользователям.\n\nГруппировка чанков (webpack): магический коммент `/* webpackChunkName: \"group\" */` объединяет несколько роутов в один чанк. В Vite — через настройку `manualChunks` в Rollup.\n\nUX-нюансы:\n- На время загрузки чанка показывают индикатор (можно через `router.beforeResolve`/глобальный лоадер или `<Suspense>`).\n- Нужна обработка **ошибки загрузки чанка** (после деплоя старые хэши пропадают): глобальный `router.onError` + перезагрузка страницы.\n- Не дробить слишком мелко — иначе много мелких запросов и оверхед. Часто комбинируют с **prefetch** для предзагрузки вероятных следующих роутов."}'::jsonb, ARRAY['vue-router', 'lazy-loading', 'code-splitting', 'performance']::text[]) on conflict (id) do nothing;
insert into anki.cards (id, note_id, deck_id, template_index, state) values ('3f94adfc-0f33-2bac-9b9f-96d2e477e04e', 'ef94703e-3a7b-bdef-ecac-d990bc62b2b0', '55555555-5555-5555-5555-555555550004', 0, 'new') on conflict (id) do nothing;
insert into anki.notes (id, note_type_id, deck_id, fields, tags) values ('b12b5972-7685-e651-8843-c6f199f22032', '11111111-1111-1111-1111-111111110001', '55555555-5555-5555-5555-555555550004', '{"Front":"i18n во Vue (vue-i18n): локализация, интерполяция и плюрализация.","Back":"**vue-i18n** — стандартная библиотека локализации. Подключается плагином:\n```ts\nconst i18n = createI18n({\n  legacy: false,           // Composition API режим\n  locale: ''ru'',\n  fallbackLocale: ''en'',\n  messages: { ru: {...}, en: {...} }\n})\napp.use(i18n)\n```\nВ Composition API: `const { t, locale } = useI18n()`; в шаблоне — `$t(''key'')`.\n\n**Интерполяция** (именованная/списочная):\n```js\n{ greeting: ''Привет, {name}!'' }\nt(''greeting'', { name: ''Сергей'' })\n```\n\n**Плюрализация** — формы множественного числа через `|`. У русского сложные правила (1, 2-4, 5+), vue-i18n поддерживает кастомный `pluralizationRules`:\n```js\n{ apples: ''нет яблок | {n} яблоко | {n} яблока | {n} яблок'' }\nt(''apples'', 5) // выберет нужную форму по числу\n```\nПо числу `n` выбирается индекс ветки согласно правилу локали (для en — 2 формы, для ru — 3-4).\n\nДополнительно:\n- **DatetimeFormat / NumberFormat** — форматирование дат, валют, чисел по локали (через Intl).\n- **Ленивая загрузка локалей**: подгружать словари динамическим `import()` при смене языка — не тащить все языки сразу.\n- **`fallbackLocale`** — резервный язык для отсутствующих ключей.\n- Реактивность: смена `locale.value` перерисовывает все переводы автоматически.\n\nПодводный камень: ключи-строки легко \"протухают\" — полезны проверки на отсутствующие/неиспользуемые ключи в CI."}'::jsonb, ARRAY['i18n', 'vue-i18n', 'localization', 'pluralization']::text[]) on conflict (id) do nothing;
insert into anki.cards (id, note_id, deck_id, template_index, state) values ('6a49d31e-3261-8039-d8a0-de8d712851fa', 'b12b5972-7685-e651-8843-c6f199f22032', '55555555-5555-5555-5555-555555550004', 0, 'new') on conflict (id) do nothing;

-- Собеседование · Системный дизайн (23)
insert into anki.decks (id, name, description, config) values ('55555555-5555-5555-5555-555555550005', 'Собеседование · Системный дизайн', 'Подготовка к собеседованию: системный дизайн', '{"newCardsPerDay":30,"maxReviewsPerDay":300}'::jsonb) on conflict (id) do nothing;
insert into anki.notes (id, note_type_id, deck_id, fields, tags) values ('4334a950-440a-f284-0c65-52d52558d8be', '11111111-1111-1111-1111-111111110001', '55555555-5555-5555-5555-555555550005', '{"Front":"Сравните REST, gRPC, GraphQL, SOAP и WebSocket: в чём суть каждого протокола и когда что выбирать?","Back":"**REST** — архитектурный стиль поверх HTTP, ресурсы и стандартные глаголы (GET/POST/PUT/PATCH/DELETE), stateless, кэшируемость через HTTP-кэш. Прост, повсеместен, но страдает от **over-/under-fetching** и версионирования.\n\n**gRPC** — RPC поверх **HTTP/2** с бинарной сериализацией **Protobuf**. Контракт через `.proto`, кодогенерация клиента/сервера, мультиплексирование, стриминг (uni/bi-directional). Идеален для **service-to-service** в бэкенде. На фронте — только через `grpc-web` + прокси (нет нативной поддержки HTTP/2 trailer''ов в браузере).\n\n**GraphQL** — язык запросов с единым endpoint''ом; клиент сам описывает нужные поля → нет over-/under-fetching. Сильная типизация схемы. Цена: сложность кэширования (POST по умолчанию ломает HTTP-кэш), N+1 на резолверах, риск тяжёлых запросов (нужны depth/cost limiting).\n\n**SOAP** — XML-протокол с жёстким контрактом (WSDL), встроенные WS-Security/транзакции. Тяжёлый, legacy/enterprise (банки, гос).\n\n**WebSocket** — полнодуплексный персистентный канал поверх одного TCP. Для **real-time**: чаты, котировки, коллаборация. Не кэшируется, нужен свой протокол поверх (часто STOMP/socket.io).\n\n**Выбор:**\n- Публичный API / CRUD → REST.\n- Внутренние микросервисы, низкая латентность → gRPC.\n- Богатый клиент с разными вью на одни данные → GraphQL.\n- Двусторонний real-time → WebSocket (или SSE для одностороннего push).\n- Legacy enterprise → SOAP."}'::jsonb, ARRAY['protocols', 'rest', 'grpc', 'graphql', 'websocket', 'soap']::text[]) on conflict (id) do nothing;
insert into anki.cards (id, note_id, deck_id, template_index, state) values ('db2ff523-da22-cf70-5c23-7cb69af65dba', '4334a950-440a-f284-0c65-52d52558d8be', '55555555-5555-5555-5555-555555550005', 0, 'new') on conflict (id) do nothing;
insert into anki.notes (id, note_type_id, deck_id, fields, tags) values ('7dc1a6fe-36b6-1d4b-5e2b-c914e6accfd7', '11111111-1111-1111-1111-111111110001', '55555555-5555-5555-5555-555555550005', '{"Front":"Чем WebSocket отличается от SSE и long-polling? Когда достаточно SSE?","Back":"**Long-polling** — клиент шлёт запрос, сервер держит его открытым до появления данных, затем клиент переоткрывает. Эмуляция push поверх обычного HTTP; высокие накладные расходы на переустановку соединений.\n\n**SSE (Server-Sent Events)** — однонаправленный поток server→client поверх обычного HTTP (`text/event-stream`). Плюсы: авто-reconnect, `Last-Event-ID` для докачки, проходит через прокси/HTTP-кэш-инфраструктуру, проще WebSocket. Минусы: только сервер→клиент, лимит соединений на домен в HTTP/1.1 (~6), нет бинарных данных.\n\n**WebSocket** — полный дуплекс, бинарь + текст, минимальный overhead на фрейм. Но: не проходит «бесплатно» через всё (нужна поддержка Upgrade у прокси), нет встроенного reconnect/докачки — реализуешь сам.\n\n**Когда SSE достаточно:** нотификации, лента событий, прогресс задач, обновление дашборда — всё, где поток идёт **только от сервера**. Если клиенту нужно часто слать наверх (чат, игры, совместное редактирование) → WebSocket."}'::jsonb, ARRAY['protocols', 'websocket', 'sse', 'real-time']::text[]) on conflict (id) do nothing;
insert into anki.cards (id, note_id, deck_id, template_index, state) values ('88de1e97-f696-2336-8e9b-1a825fda9ee4', '7dc1a6fe-36b6-1d4b-5e2b-c914e6accfd7', '55555555-5555-5555-5555-555555550005', 0, 'new') on conflict (id) do nothing;
insert into anki.notes (id, note_type_id, deck_id, fields, tags) values ('1255b0e7-c60c-a87f-11d1-0a50c06709d7', '11111111-1111-1111-1111-111111110001', '55555555-5555-5555-5555-555555550005', '{"Front":"Что такое нормализация БД (1NF–3NF/BCNF) и зачем сознательно денормализуют?","Back":"Нормализация — устранение избыточности и аномалий вставки/обновления/удаления.\n\n- **1NF** — атомарные значения, нет повторяющихся групп/массивов в ячейке.\n- **2NF** — 1NF + нет частичной зависимости неключевых атрибутов от **части** составного ключа.\n- **3NF** — 2NF + нет транзитивных зависимостей (неключевой атрибут не зависит от другого неключевого).\n- **BCNF** — усиление 3NF: каждая детерминанта — суперключ.\n\n**Зачем денормализуют:** нормализованная схема требует много JOIN''ов → дорого на чтение. Денормализация (дублирование данных, вычисляемые/материализованные поля, кэш агрегатов) ускоряет чтение ценой:\n- риска рассогласования (нужно поддерживать копии синхронно — триггеры, events, периодический пересчёт);\n- усложнения записи.\n\n**Правило:** нормализуй по умолчанию, денормализуй точечно под измеренные горячие read-пути. OLTP тяготеет к нормализации, OLAP/аналитика — к денормализации (star/snowflake schema)."}'::jsonb, ARRAY['database', 'normalization', 'data-modeling']::text[]) on conflict (id) do nothing;
insert into anki.cards (id, note_id, deck_id, template_index, state) values ('fca26a04-2747-b64c-c777-78a1b5c60924', '1255b0e7-c60c-a87f-11d1-0a50c06709d7', '55555555-5555-5555-5555-555555550005', 0, 'new') on conflict (id) do nothing;
insert into anki.notes (id, note_type_id, deck_id, fields, tags) values ('503759cb-737c-e448-6d2d-b29f4ae58a57', '11111111-1111-1111-1111-111111110001', '55555555-5555-5555-5555-555555550005', '{"Front":"Как моделировать связи 1:1, 1:N и M:N в реляционной БД? Что такое внешний ключ?","Back":"**Foreign key (FK)** — столбец, ссылающийся на PK другой таблицы; СУБД гарантирует ссылочную целостность (нельзя сослаться на несуществующую строку; `ON DELETE CASCADE/RESTRICT/SET NULL` управляет каскадом).\n\n**1:N** (один-ко-многим) — FK кладётся на стороне «многих». Пример: `orders.user_id → users.id`. Самая частая связь.\n\n**1:1** — FK с `UNIQUE`-ограничением (или общий PK). Используют для разнесения редко используемых/чувствительных полей, опциональных профилей.\n\n**M:N** (многие-ко-многим) — через **связующую (junction/join) таблицу** с двумя FK: `user_roles(user_id, role_id)`, PK = пара. Туда же кладут атрибуты самой связи (например, `assigned_at`).\n\n**Подводные камни:**\n- FK по умолчанию **не индексируется** (PK — да). На стороне «многих» нужен индекс по FK, иначе каскады и JOIN''ы тормозят.\n- Полиморфные связи (один FK на разные таблицы) ломают ссылочную целостность — лучше отдельные таблицы или общая таблица сущностей."}'::jsonb, ARRAY['database', 'relations', 'foreign-key', 'data-modeling']::text[]) on conflict (id) do nothing;
insert into anki.cards (id, note_id, deck_id, template_index, state) values ('c7590c80-a76f-af06-9b64-77a9416dc837', '503759cb-737c-e448-6d2d-b29f4ae58a57', '55555555-5555-5555-5555-555555550005', 0, 'new') on conflict (id) do nothing;
insert into anki.notes (id, note_type_id, deck_id, fields, tags) values ('f1ffaf66-53c2-1378-f3c6-a1cb313bc6fa', '11111111-1111-1111-1111-111111110001', '55555555-5555-5555-5555-555555550005', '{"Front":"Как работают индексы в реляционной БД? Когда они помогают, а когда вредят?","Back":"Большинство индексов — **B-tree**: сбалансированное дерево, поиск/диапазон за O(log n). Ускоряют `WHERE`, `JOIN`, `ORDER BY`, `GROUP BY` по индексированным столбцам.\n\n**Виды:**\n- **Составной индекс** — работает по **префиксу** (правило leftmost): индекс `(a, b, c)` помогает запросам по `a`, `(a,b)`, `(a,b,c)`, но не по одному `b`.\n- **Covering index** — содержит все нужные столбцы → запрос читается прямо из индекса (index-only scan), без обращения к таблице.\n- **Partial index** — только по части строк (`WHERE active = true`).\n- **Hash** — только равенство, без диапазонов. **GIN/GiST** (Postgres) — для full-text, JSONB, geo.\n\n**Когда вредят:**\n- Замедляют **запись** (INSERT/UPDATE/DELETE обновляют все индексы).\n- Занимают место.\n- Низкая **селективность** (например, boolean-поле) → планировщик игнорирует индекс, делает seq scan.\n- Функция над столбцом в WHERE (`WHERE lower(email)=...`) убивает обычный индекс — нужен **функциональный/выраженческий** индекс.\n\nПравило: индексируй под реальные запросы (смотри `EXPLAIN ANALYZE`), а не «на всякий случай»."}'::jsonb, ARRAY['database', 'indexes', 'performance', 'b-tree']::text[]) on conflict (id) do nothing;
insert into anki.cards (id, note_id, deck_id, template_index, state) values ('efaedcb5-6b6a-a1ea-7f30-1abdca2c2de5', 'f1ffaf66-53c2-1378-f3c6-a1cb313bc6fa', '55555555-5555-5555-5555-555555550005', 0, 'new') on conflict (id) do nothing;
insert into anki.notes (id, note_type_id, deck_id, fields, tags) values ('ad2018ce-ccf9-b122-5447-ff5fb72617db', '11111111-1111-1111-1111-111111110001', '55555555-5555-5555-5555-555555550005', '{"Front":"Что такое модель C4 для архитектурных диаграмм и чем она удобнее «коробочек со стрелочками»?","Back":"**C4** (Simon Brown) — иерархия из 4 уровней детализации, каждый — для своей аудитории:\n\n1. **Context** — система как чёрный ящик + пользователи и внешние системы. Для нетехнических стейкхолдеров.\n2. **Container** — приложения/сервисы/БД/SPA внутри системы и протоколы между ними (не Docker-контейнеры, а «исполняемые единицы»). Для архитекторов/DevOps.\n3. **Component** — логические компоненты внутри одного контейнера. Для разработчиков.\n4. **Code** — классы/интерфейсы (часто = UML class diagram, обычно генерится, не рисуется руками).\n\n**Преимущество:** единая нотация и масштабирование «карты» — можно зумиться от общей картины к деталям, не смешивая уровни. Лечит главную болезнь спонтанных диаграмм — смешение абстракций (юзеры, классы и очереди на одной схеме). Хорошо ложится на «диаграммы-как-код» (Structurizr, Mermaid, PlantUML) → версионируется в git."}'::jsonb, ARRAY['architecture-diagrams', 'c4', 'documentation']::text[]) on conflict (id) do nothing;
insert into anki.cards (id, note_id, deck_id, template_index, state) values ('0199001e-4be7-d325-1fe4-3bee8cf5a575', 'ad2018ce-ccf9-b122-5447-ff5fb72617db', '55555555-5555-5555-5555-555555550005', 0, 'new') on conflict (id) do nothing;
insert into anki.notes (id, note_type_id, deck_id, fields, tags) values ('50358a67-f3f0-7693-c833-3194761c350a', '11111111-1111-1111-1111-111111110001', '55555555-5555-5555-5555-555555550005', '{"Front":"Какие виды UML-диаграмм реально полезны на фронтенде, и для чего нужна sequence-диаграмма?","Back":"UML делится на **структурные** и **поведенческие**. На практике (особенно фронту) полезны немногие:\n\n- **Sequence diagram** (поведенческая) — взаимодействие участников во времени: вертикальные lifelines, горизонтальные сообщения сверху вниз, activation-bars. Идеальна для описания **флоу**: OAuth-редиректы, цепочка компонент→стор→API→бэк, обработка вебхука. Показывает порядок и асинхронность.\n- **Class diagram** — структура: классы/интерфейсы, поля, связи (ассоциация, наследование, композиция/агрегация). На фронте — для доменных моделей, сторов.\n- **State diagram** — конечный автомат: полезен для сложных UI-состояний (форма, плеер, wizard), ложится на XState.\n- **Activity diagram** — блок-схема процесса с ветвлениями/параллелизмом.\n- **Component / Deployment** — модули и их размещение.\n\n**ER-диаграмма** формально не UML, но рядом: сущности, атрибуты, кардинальность связей (crow''s foot нотация) — для проектирования данных.\n\nГлавная мысль на собесе: диаграмма — **инструмент коммуникации**, а не самоцель; выбирай минимальную, объясняющую идею."}'::jsonb, ARRAY['uml', 'sequence-diagram', 'architecture-diagrams', 'er-diagram']::text[]) on conflict (id) do nothing;
insert into anki.cards (id, note_id, deck_id, template_index, state) values ('7f1a9657-9bee-66cb-c86a-11b6414edbb0', '50358a67-f3f0-7693-c833-3194761c350a', '55555555-5555-5555-5555-555555550005', 0, 'new') on conflict (id) do nothing;
insert into anki.notes (id, note_type_id, deck_id, fields, tags) values ('0e949481-b6c2-5776-7c74-6b8c738876f0', '11111111-1111-1111-1111-111111110001', '55555555-5555-5555-5555-555555550005', '{"Front":"Расскажите про паттерн Observer (Наблюдатель). Где он встречается во Vue?","Back":"**Observer** — поведенческий паттерн: объект-**subject** хранит список **observer''ов** и оповещает их об изменении состояния (push). Развязывает источник события и подписчиков (один-ко-многим), они не знают друг о друге напрямую.\n\n**Где во фронте/Vue:**\n- **Реактивность Vue 3** — это Observer поверх `Proxy`: при чтении реактивного свойства внутри эффекта (`watchEffect`, рендер-функция) трекается зависимость, при записи — триггерятся подписанные эффекты. Это и есть subject↔observers.\n- **DOM-события** (`addEventListener`) — классический Observer.\n- **EventBus / mitt**, RxJS `Observable`, Node `EventEmitter`.\n\n**Подводные камни:**\n- **Утечки памяти** — забытая отписка (observer жив, subject держит ссылку). Во Vue эффекты чистятся при unmount автоматически, но `setInterval`/глобальные listener''ы — вручную в `onUnmounted`.\n- **Лавина обновлений** и трудно отслеживаемый порядок оповещений (отсюда батчинг/`nextTick` во Vue)."}'::jsonb, ARRAY['design-patterns', 'observer', 'behavioral', 'vue-reactivity']::text[]) on conflict (id) do nothing;
insert into anki.cards (id, note_id, deck_id, template_index, state) values ('ed5463e9-4730-93ea-fb98-a6f340a458a0', '0e949481-b6c2-5776-7c74-6b8c738876f0', '55555555-5555-5555-5555-555555550005', 0, 'new') on conflict (id) do nothing;
insert into anki.notes (id, note_type_id, deck_id, fields, tags) values ('a22b3c66-e3f2-3f16-548f-e11c9234b120', '11111111-1111-1111-1111-111111110001', '55555555-5555-5555-5555-555555550005', '{"Front":"Чем отличаются Strategy и Factory? Приведите фронтенд-пример каждого.","Back":"**Strategy** (поведенческий) — инкапсулирует **взаимозаменяемые алгоритмы** за общим интерфейсом, выбор делается в рантайме. Убирает разросшиеся `if/switch`.\n```ts\nconst validators: Record<string, (v: string) => boolean> = {\n  email: v => /.+@.+/.test(v),\n  phone: v => /^\\d{10}$/.test(v),\n};\nfunction validate(type: string, v: string) {\n  return validators[type](v); // стратегия выбирается по ключу\n}\n```\nПримеры: разные алгоритмы сортировки/форматирования, способы оплаты, стратегии кэширования.\n\n**Factory** (порождающий) — инкапсулирует **создание объектов**, скрывая конкретный класс за общим интерфейсом. Клиент получает продукт, не зная `new` какого класса вызван.\n```ts\nfunction createNotifier(channel: ''email'' | ''sms'' | ''push''): Notifier {\n  switch (channel) {\n    case ''email'': return new EmailNotifier();\n    case ''sms'': return new SmsNotifier();\n    case ''push'': return new PushNotifier();\n  }\n}\n```\n**Суть различия:** Strategy выбирает **как делать** (поведение), Factory решает **что создать** (объект). Часто работают вместе: фабрика создаёт нужную стратегию."}'::jsonb, ARRAY['design-patterns', 'strategy', 'factory', 'behavioral', 'creational']::text[]) on conflict (id) do nothing;
insert into anki.cards (id, note_id, deck_id, template_index, state) values ('eda496f7-810a-5608-1d18-f4d77ef0e263', 'a22b3c66-e3f2-3f16-548f-e11c9234b120', '55555555-5555-5555-5555-555555550005', 0, 'new') on conflict (id) do nothing;
insert into anki.notes (id, note_type_id, deck_id, fields, tags) values ('2e92c5fa-b822-1fc6-d3fe-75edaf47e8de', '11111111-1111-1111-1111-111111110001', '55555555-5555-5555-5555-555555550005', '{"Front":"Что такое Singleton, какие у него проблемы и как он проявляется в Pinia/инстансе API?","Back":"**Singleton** (порождающий) — гарантирует **единственный экземпляр** класса и глобальную точку доступа.\n```ts\nlet instance: ApiClient | null = null;\nexport function getApiClient() {\n  return (instance ??= new ApiClient(baseURL));\n}\n```\n**Где во фронте:** экземпляр axios, конфиг, логгер, шина событий. **Pinia-store** по сути синглтон в рамках приложения (один store на app-инстанс).\n\n**Проблемы:**\n- **Глобальное состояние** → скрытые зависимости, трудно тестировать (нужно мокать/сбрасывать).\n- **SSR-катастрофа:** модульный синглтон шарится между запросами разных пользователей → утечка данных. Поэтому в Nuxt/SSR Pinia и API-клиенты создаются **на каждый запрос** (через app context), а не как module-level singleton.\n- Скрывает количество зависимостей, нарушает DIP.\n\n**Альтернатива:** DI-контейнер / `provide`-`inject`, передача зависимости явно. Синглтон оправдан для действительно процесс-глобальных, stateless ресурсов."}'::jsonb, ARRAY['design-patterns', 'singleton', 'creational', 'ssr', 'pinia']::text[]) on conflict (id) do nothing;
insert into anki.cards (id, note_id, deck_id, template_index, state) values ('d2b7ebe2-74b2-59f4-934b-3f1648bfdba7', '2e92c5fa-b822-1fc6-d3fe-75edaf47e8de', '55555555-5555-5555-5555-555555550005', 0, 'new') on conflict (id) do nothing;
insert into anki.notes (id, note_type_id, deck_id, fields, tags) values ('88e5d97d-fea8-adc9-2b6d-f009d14fe90f', '11111111-1111-1111-1111-111111110001', '55555555-5555-5555-5555-555555550005', '{"Front":"Объясните паттерны Adapter и Facade. В чём разница и где применяются на фронте?","Back":"Оба **структурные**, оба «обёртки», но цели разные.\n\n**Adapter** — приводит **несовместимый интерфейс** к ожидаемому. Цель — совместимость.\n```ts\n// бэкенд отдаёт snake_case, приложению нужен camelCase\nfunction adaptUser(dto: UserDTO): User {\n  return { id: dto.user_id, fullName: dto.full_name };\n}\n```\nПримеры: маппинг DTO→доменная модель, обёртка сторонней либы под наш интерфейс, антикоррупционный слой к legacy API.\n\n**Facade** — даёт **упрощённый интерфейс** к сложной подсистеме. Цель — снизить сложность, спрятать оркестрацию нескольких модулей.\n```ts\n// фасад над авторизацией: внутри токены, refresh, хранилище, redirect\nconst auth = {\n  login(creds) { /* api + сохранить токен + редирект */ },\n  logout() { /* очистить + редирект */ },\n};\n```\nПримеры: сервисный слой/use-case, обёртка над набором API-вызовов, единая точка для аналитики.\n\n**Разница:** Adapter меняет **форму** одного интерфейса (1:1), Facade **упрощает** доступ к многим компонентам (1:N), не обязан сохранять их интерфейс."}'::jsonb, ARRAY['design-patterns', 'adapter', 'facade', 'structural']::text[]) on conflict (id) do nothing;
insert into anki.cards (id, note_id, deck_id, template_index, state) values ('e1e20b83-4002-044d-dfb6-919e186c5b8a', '88e5d97d-fea8-adc9-2b6d-f009d14fe90f', '55555555-5555-5555-5555-555555550005', 0, 'new') on conflict (id) do nothing;
insert into anki.notes (id, note_type_id, deck_id, fields, tags) values ('b2df493f-0de1-490f-4d9c-97279e6bfcc3', '11111111-1111-1111-1111-111111110001', '55555555-5555-5555-5555-555555550005', '{"Front":"Сгруппируйте паттерны GoF: какие порождающие, структурные и поведенческие, и в чём смысл деления?","Back":"GoF делит 23 паттерна по **назначению**:\n\n**Порождающие (Creational)** — про создание объектов, развязывают код от конкретных классов:\n- Singleton, Factory Method, Abstract Factory, Builder, Prototype.\n\n**Структурные (Structural)** — про композицию объектов/классов в большие структуры:\n- Adapter, Facade, Decorator, Proxy, Composite, Bridge, Flyweight.\n\n**Поведенческие (Behavioral)** — про взаимодействие и распределение ответственности:\n- Observer, Strategy, Command, State, Iterator, Mediator, Template Method, Chain of Responsibility, Visitor, Memento, Interpreter.\n\n**Самые ходовые на фронте:** Observer (реактивность/события), Strategy (взаимозаменяемое поведение), Factory (создание сервисов), Adapter (DTO-маппинг), Facade (сервисный слой), Decorator (HOC/composables, middleware), Proxy (буквально `Proxy` в реактивности Vue 3), Command (undo/redo, action''ы), State (XState, UI-автоматы).\n\nСмысл деления — словарь для коммуникации: «здесь Strategy» сразу передаёт намерение. Но **не натягивай** паттерны ради паттернов (YAGNI)."}'::jsonb, ARRAY['design-patterns', 'gof', 'creational', 'structural', 'behavioral']::text[]) on conflict (id) do nothing;
insert into anki.cards (id, note_id, deck_id, template_index, state) values ('83345bb5-82c0-59b7-d1f9-8cc52630d373', 'b2df493f-0de1-490f-4d9c-97279e6bfcc3', '55555555-5555-5555-5555-555555550005', 0, 'new') on conflict (id) do nothing;
insert into anki.notes (id, note_type_id, deck_id, fields, tags) values ('84936936-5dba-6c9f-b49e-76d4d22e6ccb', '11111111-1111-1111-1111-111111110001', '55555555-5555-5555-5555-555555550005', '{"Front":"KISS, DRY, YAGNI — что это и где они конфликтуют между собой?","Back":"**KISS** (Keep It Simple, Stupid) — выбирай простейшее работающее решение; сложность оправдывай.\n\n**DRY** (Don''t Repeat Yourself) — единый источник истины для знания; дублирование логики → одно изменение в N местах → баги.\n\n**YAGNI** (You Aren''t Gonna Need It) — не строй абстракции «на будущее», которое может не наступить; реализуй то, что нужно сейчас.\n\n**Конфликты и нюансы:**\n- **DRY vs KISS/преждевременная абстракция:** ранняя погоня за DRY (вынести «общее» из двух похожих, но эволюционирующих по-разному мест) рождает дырявую абстракцию с кучей флагов. Правило: **дублирование дешевле неправильной абстракции** (rule of three — обобщай на третьем повторении).\n- **DRY ≠ совпадение кода:** DRY про дублирование **знания/правила**, а не текстуально похожих строк. Два куска, случайно похожих, но из разных доменов, объединять нельзя (ложный DRY).\n- **YAGNI vs расширяемость:** YAGNI не запрещает чистые границы — он запрещает спекулятивную обобщённость без текущей потребности.\n\nИтог: KISS и YAGNI сдерживают избыточную инженерию, DRY борется с дублированием знания — баланс, а не догма."}'::jsonb, ARRAY['principles', 'kiss', 'dry', 'yagni', 'clean-code']::text[]) on conflict (id) do nothing;
insert into anki.cards (id, note_id, deck_id, template_index, state) values ('1eb165eb-2e6b-b36a-a57e-3b78367a1534', '84936936-5dba-6c9f-b49e-76d4d22e6ccb', '55555555-5555-5555-5555-555555550005', 0, 'new') on conflict (id) do nothing;
insert into anki.notes (id, note_type_id, deck_id, fields, tags) values ('8efb6458-270b-cd1b-65fa-c7fa8402cd84', '11111111-1111-1111-1111-111111110001', '55555555-5555-5555-5555-555555550005', '{"Front":"SOLID: что означает буква S (Single Responsibility) и как нарушение выглядит во Vue-компоненте?","Back":"**SRP (Single Responsibility Principle)** — у модуля должна быть **одна причина для изменения**, т.е. он отвечает перед одним «актором»/одной осью изменений.\n\nЧасто формулируют как «один класс — одна обязанность», но точнее — **одна причина меняться**. Если модуль трогают и при изменении бизнес-правил, и при смене формата API, и при редизайне — у него три причины меняться → нарушение.\n\n**Нарушение во Vue:** «толстый» компонент, который одновременно:\n- ходит в API (`fetch`),\n- держит и мутирует бизнес-состояние,\n- форматирует данные,\n- содержит сложную разметку и стили.\n\n**Рефакторинг:**\n- запрос данных и бизнес-логику → в **composable** (`useUsers()`) или сервисный слой/стор;\n- форматирование → отдельные утилиты/computed;\n- компонент оставляем «тонким» — отвечает только за представление.\n\nЭффект: тестируемость (логику можно проверить без монтирования DOM), переиспользование, локализованные изменения."}'::jsonb, ARRAY['solid', 'srp', 'principles', 'vue']::text[]) on conflict (id) do nothing;
insert into anki.cards (id, note_id, deck_id, template_index, state) values ('1a189453-e3ee-bc43-5244-15b50c1573dd', '8efb6458-270b-cd1b-65fa-c7fa8402cd84', '55555555-5555-5555-5555-555555550005', 0, 'new') on conflict (id) do nothing;
insert into anki.notes (id, note_type_id, deck_id, fields, tags) values ('2469dc59-e56f-d4d1-e493-75eae3be25b3', '11111111-1111-1111-1111-111111110001', '55555555-5555-5555-5555-555555550005', '{"Front":"SOLID: Open/Closed Principle — что значит «открыт для расширения, закрыт для изменения»?","Back":"**OCP** — сущность должна быть **открыта для расширения**, но **закрыта для изменения**: новое поведение добавляется без правки существующего, протестированного кода.\n\nМеханизм — **абстракция + полиморфизм/композиция**: вместо роста `switch` по типам — добавление новой реализации интерфейса.\n\n**Анти-пример (нарушение):**\n```ts\nfunction area(shape) {\n  if (shape.type === ''circle'') return ...;\n  if (shape.type === ''square'') return ...;\n  // каждый новый тип — правка этой функции\n}\n```\n**По OCP:** каждая фигура реализует `area()`; добавление новой фигуры = новый класс, функция не трогается.\n\n**Фронтенд:**\n- Strategy/реестр (`Record<type, handler>`) вместо ветвлений.\n- Плагины Vue/Vite, слоты и `<component :is>` — точки расширения без правки ядра.\n- Конфигурируемые компоненты через props/слоты, а не форки.\n\n**Важно:** OCP не значит «всё абстрагировать заранее» (это против YAGNI). Точки расширения добавляют там, где **ось изменений уже видна**."}'::jsonb, ARRAY['solid', 'ocp', 'principles', 'open-closed']::text[]) on conflict (id) do nothing;
insert into anki.cards (id, note_id, deck_id, template_index, state) values ('8e4c0568-62ab-1517-5e07-d0ea461bda11', '2469dc59-e56f-d4d1-e493-75eae3be25b3', '55555555-5555-5555-5555-555555550005', 0, 'new') on conflict (id) do nothing;
insert into anki.notes (id, note_type_id, deck_id, fields, tags) values ('fe4faec6-76ba-c2d5-d4e8-a9b83e053114', '11111111-1111-1111-1111-111111110001', '55555555-5555-5555-5555-555555550005', '{"Front":"SOLID: Liskov Substitution Principle — что нарушается, если подтип нельзя подставить вместо базового?","Back":"**LSP** — объекты подтипа должны подставляться вместо базового типа **без нарушения корректности** программы. Подтип не должен «обманывать» ожидания, заданные базовым контрактом.\n\n**Правила (контракт):**\n- **Предусловия** нельзя усиливать (подтип не вправе требовать больше, чем база).\n- **Постусловия** нельзя ослаблять (должен гарантировать не меньше).\n- **Инварианты** базового типа сохраняются; не бросать новые непредвиденные исключения.\n\n**Классические нарушения:**\n- `Square extends Rectangle`: установка width меняет height — ломает код, ожидавший независимости сторон.\n- Подкласс, который на часть методов кидает `NotSupportedException` (значит, он не настоящий подтип).\n\n**Фронтенд:** компонент-«наследник» через props, который ломает контракт родителя (другой формат события, игнорирует `v-model`), или реализация общего TS-интерфейса, которая для части методов кидает ошибку/возвращает не то. TypeScript ловит структурную совместимость, но **семантику** контракта (что метод реально делает) — нет."}'::jsonb, ARRAY['solid', 'lsp', 'principles', 'liskov']::text[]) on conflict (id) do nothing;
insert into anki.cards (id, note_id, deck_id, template_index, state) values ('f5b0f201-607a-a82a-8e68-2dc529f0f673', 'fe4faec6-76ba-c2d5-d4e8-a9b83e053114', '55555555-5555-5555-5555-555555550005', 0, 'new') on conflict (id) do nothing;
insert into anki.notes (id, note_type_id, deck_id, fields, tags) values ('5c2f56d7-d9f8-66f8-e944-38b0f1095a5b', '11111111-1111-1111-1111-111111110001', '55555555-5555-5555-5555-555555550005', '{"Front":"SOLID: Interface Segregation и Dependency Inversion — в чём суть и фронтенд-проекция?","Back":"**ISP (Interface Segregation)** — клиента нельзя заставлять зависеть от методов, которые он не использует. Лучше **много узких** интерфейсов, чем один «жирный».\n- Нарушение: огромный пропс-интерфейс компонента/большой TS-интерфейс сервиса, где половина опциональна и не используется. Дроби на роли.\n- Фронт: дробление больших composables/сторов; компонент принимает ровно те props, что ему нужны.\n\n**DIP (Dependency Inversion)** — модули верхнего уровня не зависят от нижнего; **оба зависят от абстракции**. Детали зависят от абстракций, не наоборот.\n```ts\n// плохо: бизнес-логика жёстко зависит от конкретного fetch/axios\n// хорошо: зависит от интерфейса\ninterface UserRepo { getById(id: string): Promise<User>; }\nfunction useProfile(repo: UserRepo) { /* ... */ }\n// в проде — HttpUserRepo, в тестах — FakeUserRepo\n```\n**Фронт:** `provide/inject` как DI-контейнер, инъекция API-клиента/репозитория в composable вместо прямого импорта axios. Это резко упрощает тестирование (подмена мока) и смену реализации.\n\n**Связь:** DIP реализуют через интерфейсы (ISP-границы), а инверсию управления часто даёт DI-механизм фреймворка."}'::jsonb, ARRAY['solid', 'isp', 'dip', 'principles', 'dependency-injection']::text[]) on conflict (id) do nothing;
insert into anki.cards (id, note_id, deck_id, template_index, state) values ('b2bcc778-8fa6-5091-c665-ea28fa785871', '5c2f56d7-d9f8-66f8-e944-38b0f1095a5b', '55555555-5555-5555-5555-555555550005', 0, 'new') on conflict (id) do nothing;
insert into anki.notes (id, note_type_id, deck_id, fields, tags) values ('04d5ace4-afc3-e761-122b-c4eaaa162994', '11111111-1111-1111-1111-111111110001', '55555555-5555-5555-5555-555555550005', '{"Front":"Сравните CSR, SSR, SSG и ISR: что рендерится где, и какие трейдоффы по TTFB/FCP/SEO?","Back":"**CSR (Client-Side Rendering)** — сервер отдаёт пустой `<div id=app>` + JS-бандл, рендер в браузере. Быстрый TTFB, но **медленный FCP/LCP** (ждём загрузки и выполнения JS), слабое SEO без пре-рендера. Классический SPA.\n\n**SSR (Server-Side Rendering)** — HTML генерится на сервере **на каждый запрос**, затем гидратация на клиенте. Хороший FCP и SEO, актуальные данные. Цена: нагрузка на сервер, выше TTFB (ждём рендер), сложность (нет `window` на сервере, дубли запросов, состояние per-request).\n\n**SSG (Static Site Generation)** — HTML генерится **на этапе билда**, раздаётся с CDN. Лучший TTFB/FCP, дёшево, отличное SEO. Минус: данные «застывают» на момент билда; много страниц → долгий билд. Для контента, который редко меняется (доки, блог, лендинги).\n\n**ISR (Incremental Static Regeneration)** — гибрид: статика + фоновое перегенерирование страниц по TTL/по запросу. Свежесть SSG-страниц без полного ребилда.\n\n**Выбор:** дашборд за авторизацией → CSR/SPA; маркетинг/SEO-страницы → SSG/ISR; персонализированный контент с SEO → SSR. Современные мета-фреймворки (Nuxt, Next) позволяют **смешивать режимы по маршрутам**."}'::jsonb, ARRAY['rendering', 'csr', 'ssr', 'ssg', 'isr', 'performance']::text[]) on conflict (id) do nothing;
insert into anki.cards (id, note_id, deck_id, template_index, state) values ('55c2a1f6-c640-51e9-808b-062e2bff5fc6', '04d5ace4-afc3-e761-122b-c4eaaa162994', '55555555-5555-5555-5555-555555550005', 0, 'new') on conflict (id) do nothing;
insert into anki.notes (id, note_type_id, deck_id, fields, tags) values ('3feb5cdd-eb5a-64c7-c2df-f4ae5688e384', '11111111-1111-1111-1111-111111110001', '55555555-5555-5555-5555-555555550005', '{"Front":"Что такое гидратация, какие у неё проблемы и что такое hydration mismatch?","Back":"**Гидратация** — процесс, когда клиентский JS «оживляет» уже отрендеренный сервером статичный HTML: фреймворк строит VDOM, **сопоставляет его с существующим DOM** и навешивает обработчики/реактивность, не перерисовывая разметку с нуля.\n\n**Проблемы:**\n- **Hydration mismatch** — клиентский VDOM не совпал с серверным HTML. Причины: рендер от `Date.now()`/`Math.random()`, `window`/`localStorage` при первом рендере, невалидная вложенность тегов, разная локаль/таймзона на сервере и клиенте. Vue/React предупреждают в консоли и могут перерисовать поддерево → мигание, потеря состояния.\n- **«Uncanny valley»** — HTML видно, но кнопки не реагируют, пока не загрузился и не отработал JS (TTI > FCP). Чем больше бандл, тем дольше.\n\n**Решения/эволюция:**\n- **Lazy/partial hydration**, **islands** — гидратировать только интерактивные участки.\n- **Resumability** (Qwik) — не повторять работу сервера, а «возобновлять» из сериализованного состояния, без полного восстановления VDOM.\n- Выносить браузер-зависимый код в `onMounted`/`ClientOnly`."}'::jsonb, ARRAY['rendering', 'hydration', 'ssr', 'performance']::text[]) on conflict (id) do nothing;
insert into anki.cards (id, note_id, deck_id, template_index, state) values ('8d1ad208-0cea-f792-8e51-a1321dfd49d8', '3feb5cdd-eb5a-64c7-c2df-f4ae5688e384', '55555555-5555-5555-5555-555555550005', 0, 'new') on conflict (id) do nothing;
insert into anki.notes (id, note_type_id, deck_id, fields, tags) values ('095ccd0c-aaa9-1071-9bbf-8cdaa831c316', '11111111-1111-1111-1111-111111110001', '55555555-5555-5555-5555-555555550005', '{"Front":"Что такое островная архитектура (islands) и чем она лучше монолитной гидратации SPA?","Back":"**Islands Architecture** (Astro, частично Nuxt/Fresh) — страница в основе **статический HTML**, а интерактивность точечная: отдельные «острова» (виджеты) гидратируются **независимо**, остальное остаётся статикой и вообще не тянет JS.\n\n**Чем лучше монолитной гидратации:**\n- В классическом SSR-SPA гидратируется **всё дерево** целиком → большой JS, долгий TTI, даже если на странице 90% статичного контента.\n- В islands JS грузится **только для интерактивных кусков**, остальное — нулевой клиентский JS. Резко меньше bundle, лучше TTI/LCP.\n- Острова можно грузить по стратегиям: `client:load`, `client:idle`, `client:visible` (ленивая гидратация при появлении в вьюпорте).\n\n**Трейдоффы:**\n- Острова **изолированы** — обмен состоянием между ними сложнее (нужны сторы/события/URL), нет единого SPA-роутера-навигации по умолчанию.\n- Не подходит для высокоинтерактивных приложений (редакторы, дашборды), где интерактивна вся страница — там обычный SPA/SSR уместнее.\n\nИдея в одном предложении: **платить JS-ом только за то, что реально интерактивно**."}'::jsonb, ARRAY['rendering', 'islands-architecture', 'performance', 'hydration']::text[]) on conflict (id) do nothing;
insert into anki.cards (id, note_id, deck_id, template_index, state) values ('0405f655-0ad7-69f8-c18b-19b5075e654b', '095ccd0c-aaa9-1071-9bbf-8cdaa831c316', '55555555-5555-5555-5555-555555550005', 0, 'new') on conflict (id) do nothing;
insert into anki.notes (id, note_type_id, deck_id, fields, tags) values ('fe582915-5a4d-f581-8b1d-4919acd12ad3', '11111111-1111-1111-1111-111111110001', '55555555-5555-5555-5555-555555550005', '{"Front":"Сравните слоистую, модульную и Feature-Sliced Design (FSD) архитектуры фронтенда. В чём боль чисто слоистой?","Back":"**Слоистая (layered) «по типам»** — папки `components/`, `services/`, `store/`, `utils/`. Просто на старте, но при росте: связанный по фиче код размазан по всем папкам, высокая связанность между фичами, тяжело понять границы и удалять фичи. Низкая когезия по бизнесу.\n\n**Модульная (по фичам)** — код группируется по бизнес-домену (`user/`, `cart/`), внутри модуля — свои компоненты/логика. Высокая когезия, но без правил легко скатиться в хаотичные cross-import''ы между модулями.\n\n**FSD (Feature-Sliced Design)** — методология с жёсткими правилами:\n- **Слои** сверху вниз: `app → processes → pages → widgets → features → entities → shared`.\n- **Срезы (slices)** внутри слоя — по бизнес-домену.\n- **Сегменты**: `ui / model / api / lib`.\n- **Главное правило импортов:** модуль может импортировать только из **нижележащих** слоёв (никогда из вышележащих и редко — из соседних на том же слое). Это убирает циклы и задаёт направление зависимостей.\n\n**Итог:** FSD сочетает плюсы модульности с дисциплиной направленных зависимостей; цена — порог входа и оверхед на маленьких проектах (там KISS)."}'::jsonb, ARRAY['architecture', 'fsd', 'layered-architecture', 'modular', 'frontend-architecture']::text[]) on conflict (id) do nothing;
insert into anki.cards (id, note_id, deck_id, template_index, state) values ('68d10d10-2a41-30be-9154-7199707cd1b6', 'fe582915-5a4d-f581-8b1d-4919acd12ad3', '55555555-5555-5555-5555-555555550005', 0, 'new') on conflict (id) do nothing;
insert into anki.notes (id, note_type_id, deck_id, fields, tags) values ('451f4f9f-9e5a-f35d-a906-3e60ec4960fd', '11111111-1111-1111-1111-111111110001', '55555555-5555-5555-5555-555555550005', '{"Front":"Что такое микрофронтенды и монорепо? Это одно и то же? Когда они оправданы?","Back":"**Монорепо** — способ **организации кода**: много проектов/пакетов в одном репозитории (pnpm workspaces, Nx, Turborepo). Плюсы: общий код/типы, атомарные кросс-пакетные изменения, единый CI. Минусы: нужны инструменты для масштаба (кэш сборок, affected-граф). Это **vs polyrepo**, и к рантайму отношения не имеет.\n\n**Микрофронтенды (MFE)** — способ **деплоя/композиции рантайма**: приложение собирается из независимо разрабатываемых и **независимо деплоящихся** частей разными командами (Module Federation, import maps, web components, разные роуты за прокси). Плюсы: автономия команд, независимые релизы, изоляция стека. Минусы: дублирование зависимостей (если не шарить через MF), сложность общего состояния/стилей/версий, нагрузка на bundle и контракт между частями.\n\n**Не одно и то же:** можно иметь монорепо без MFE (один SPA, много пакетов) и MFE из polyrepo. Часто сочетают: монорепо для DX + MFE для деплоя.\n\n**Когда MFE оправданы:** несколько крупных команд, разные циклы релизов, легаси-миграция по частям. Для одной команды/одного продукта MFE — обычно **оверинжиниринг** (YAGNI); хватит модульного монолита/FSD."}'::jsonb, ARRAY['architecture', 'microfrontends', 'monorepo', 'module-federation']::text[]) on conflict (id) do nothing;
insert into anki.cards (id, note_id, deck_id, template_index, state) values ('e83023c2-7841-fd1d-10e0-15dfa76ef97c', '451f4f9f-9e5a-f35d-a906-3e60ec4960fd', '55555555-5555-5555-5555-555555550005', 0, 'new') on conflict (id) do nothing;
insert into anki.notes (id, note_type_id, deck_id, fields, tags) values ('ed37a2e3-b9d7-8061-5ea7-ad3bbf7edeb9', '11111111-1111-1111-1111-111111110001', '55555555-5555-5555-5555-555555550005', '{"Front":"Что такое проектирование бизнес-процессов (BP) и зачем фронтендеру понимать его при системном дизайне?","Back":"**Бизнес-процесс** — последовательность действий с участниками (ролями), событиями, шлюзами (ветвлениями) и результатом, реализующая бизнес-ценность (например, «оформление заказа»: корзина → оплата → резерв склада → доставка).\n\n**Нотации/инструменты:**\n- **BPMN** — стандарт моделирования процессов: события (круги), задачи (прямоугольники), шлюзы (ромбы — XOR/AND/OR), потоки, **дорожки (swimlanes)** для ролей/систем.\n- **State machine** — для процессов как набора состояний и переходов (хорошо ложится на XState на фронте).\n- Activity-диаграмма UML — упрощённый вариант.\n\n**Зачем фронту:**\n- UI-флоу = проекция BP: мастера (wizard), статусы заявки, доступность действий зависят от текущего шага/состояния → моделируешь как **конечный автомат**, а не россыпь boolean-флагов (меньше «невозможных» состояний и багов).\n- Понимание шлюзов/исключений = понимание граничных кейсов (отмена, таймаут, частичная оплата), которые надо отрисовать.\n- Общий язык с аналитиками/бэком: где сторона клиента, где сервер, где валидация и идемпотентность.\n\n**Принцип:** делай **невозможные состояния невыразимыми** (явный автомат состояний вместо комбинации флагов)."}'::jsonb, ARRAY['business-process', 'bpmn', 'state-machine', 'workflow']::text[]) on conflict (id) do nothing;
insert into anki.cards (id, note_id, deck_id, template_index, state) values ('e0bdd8ee-1c98-a7a9-9d6d-b3fbf15711b2', 'ed37a2e3-b9d7-8061-5ea7-ad3bbf7edeb9', '55555555-5555-5555-5555-555555550005', 0, 'new') on conflict (id) do nothing;

-- Собеседование · Инфраструктура и безопасность (16)
insert into anki.decks (id, name, description, config) values ('55555555-5555-5555-5555-555555550006', 'Собеседование · Инфраструктура и безопасность', 'Подготовка: сборка, CI/CD, авторизация, безопасность', '{"newCardsPerDay":30,"maxReviewsPerDay":300}'::jsonb) on conflict (id) do nothing;
insert into anki.notes (id, note_type_id, deck_id, fields, tags) values ('7b10b5b5-e9fa-0556-a8d7-20b2dec383f1', '11111111-1111-1111-1111-111111110001', '55555555-5555-5555-5555-555555550006', '{"Front":"Как устроена работа с GitLab: стратегии ветвления, merge requests и их связь с CI/CD?","Back":"**Стратегии ветвления:**\n- **GitLab Flow** — лёгкая модель: одна основная ветка (`main`/`master`) + feature-ветки + environment-ветки (`staging`, `production`) или release-ветки. Деплой через мерж в environment-ветку.\n- **Git Flow** — тяжёлая: `develop`, `feature/*`, `release/*`, `hotfix/*`, `main`. Хорошо для версионных релизов, избыточно для CD.\n- **Trunk-based** — короткоживущие ветки, частые мержи в `main`, фичи под feature-флагами.\n\n**Merge Request (MR):**\n- Запрос на слияние ветки с обсуждением, ревью, обязательными approvals.\n- **Merge methods:** merge commit (сохраняет историю ветки), squash (схлопывает в один коммит), fast-forward only (требует линейной истории, заставляет rebase).\n- **Защита:** protected branches (запрет прямого пуша), required approvals, обязательный зелёный пайплайн (`Pipelines must succeed`), резолв всех тредов.\n- **Подводные камни:** при squash теряется детальная история; при rebase переписываются SHA — нельзя rebase''ить общие ветки.\n\n**Связь с CI/CD:** MR триггерит pipeline (`merge_request_event`). Можно запускать lint/test/build только на MR, а деплой — только после мержа в защищённую ветку. `Merge When Pipeline Succeeds` автоматизирует слияние."}'::jsonb, ARRAY['gitlab', 'branching', 'merge-request', 'ci-cd', 'git-flow']::text[]) on conflict (id) do nothing;
insert into anki.cards (id, note_id, deck_id, template_index, state) values ('1257a584-a115-8540-cf19-f604368245f2', '7b10b5b5-e9fa-0556-a8d7-20b2dec383f1', '55555555-5555-5555-5555-555555550006', 0, 'new') on conflict (id) do nothing;
insert into anki.notes (id, note_type_id, deck_id, fields, tags) values ('b8c90a85-050d-917c-167c-2c309cf11513', '11111111-1111-1111-1111-111111110001', '55555555-5555-5555-5555-555555550006', '{"Front":"Расскажи про GitLab CI/CD: структура .gitlab-ci.yml, стадии, раннеры, артефакты, кэш.","Back":"Конфигурация лежит в `.gitlab-ci.yml` в корне репозитория.\n\n```yaml\nstages:\n  - install\n  - test\n  - build\n  - deploy\n\nvariables:\n  NODE_ENV: production\n\ncache:\n  key: ${CI_COMMIT_REF_SLUG}\n  paths:\n    - node_modules/\n\ninstall:\n  stage: install\n  script: npm ci\n\nunit-test:\n  stage: test\n  script: npm run test:unit\n  rules:\n    - if: ''$CI_PIPELINE_SOURCE == \"merge_request_event\"''\n\nbuild:\n  stage: build\n  script: npm run build\n  artifacts:\n    paths: [dist/]\n    expire_in: 1 week\n\ndeploy-prod:\n  stage: deploy\n  script: ./deploy.sh\n  environment: production\n  rules:\n    - if: ''$CI_COMMIT_BRANCH == \"main\"''\n      when: manual\n```\n\n**Ключевые сущности:**\n- **stages** — последовательные этапы; джобы внутри одной стадии идут параллельно.\n- **runner** — агент, выполняющий джобы (shared/group/specific; executor: docker, shell, kubernetes).\n- **artifacts** — файлы, передающиеся между стадиями и доступные в UI; в отличие от cache, не для ускорения, а для передачи результатов.\n- **cache** — переиспользование зависимостей между пайплайнами (ускорение). Cache — best-effort, artifacts — гарантированы.\n- **rules / only-except** — условия запуска джобы (`only` устарел в пользу `rules`).\n\n**Подводные камни:** `npm ci` вместо `npm install` для воспроизводимости; неправильный `cache:key` ломает изоляцию между ветками; `when: manual` для прод-деплоя; `needs:` создаёт DAG и ускоряет пайплайн, разрывая жёсткую последовательность стадий."}'::jsonb, ARRAY['gitlab', 'ci-cd', 'pipelines', 'runners', 'artifacts', 'cache']::text[]) on conflict (id) do nothing;
insert into anki.cards (id, note_id, deck_id, template_index, state) values ('6b8b242c-58a8-5d11-ad3b-b1f6d23970e4', 'b8c90a85-050d-917c-167c-2c309cf11513', '55555555-5555-5555-5555-555555550006', 0, 'new') on conflict (id) do nothing;
insert into anki.notes (id, note_type_id, deck_id, fields, tags) values ('4df50623-7b19-c42d-921f-96de18b083b0', '11111111-1111-1111-1111-111111110001', '55555555-5555-5555-5555-555555550006', '{"Front":"Что такое HotFix и как организован его процесс: ветки, релиз, бэкпорт?","Back":"**HotFix** — срочное исправление критического бага прямо в продакшене, минуя обычный цикл разработки.\n\n**Процесс (Git Flow):**\n1. Ветка `hotfix/X.Y.Z+1` создаётся **от тега релиза / production-ветки**, а НЕ от `develop` (там могут быть незарелиженные фичи).\n2. Фикс + минимальные изменения, бамп патч-версии.\n3. Мерж в `main`/`production` → деплой.\n4. **Бэкпорт (back-merge):** обязательный мерж того же фикса обратно в `develop` (и в активные `release/*`), иначе при следующем релизе баг вернётся (регрессия).\n\n**Альтернатива в trunk-based / GitLab Flow:**\n- Если прод отстаёт от `main`, фикс делают в `main`, затем **cherry-pick** в production/release-ветку (`git cherry-pick <sha>`).\n- В GitLab есть кнопка `Cherry-pick` прямо из merged MR.\n\n**Подводные камни:**\n- Забытый бэкпорт = возврат бага — главная ошибка.\n- Hotfix от неверной базы тащит лишние изменения.\n- Конфликты при cherry-pick из-за дивергенции веток.\n- Нужны feature-флаги или быстрый rollback-план на случай, если фикс сам сломал прод."}'::jsonb, ARRAY['hotfix', 'git-flow', 'backport', 'cherry-pick', 'release']::text[]) on conflict (id) do nothing;
insert into anki.cards (id, note_id, deck_id, template_index, state) values ('b75bdb72-5823-66d9-a8c6-8e6fee9c0e4d', '4df50623-7b19-c42d-921f-96de18b083b0', '55555555-5555-5555-5555-555555550006', 0, 'new') on conflict (id) do nothing;
insert into anki.notes (id, note_type_id, deck_id, fields, tags) values ('b6c8309a-d4f0-f91f-eb84-c4e148f9a1bb', '11111111-1111-1111-1111-111111110001', '55555555-5555-5555-5555-555555550006', '{"Front":"Из чего состоит процесс сборки фронтенд-проекта: bundling, tree-shaking, code splitting, минификация, source maps?","Back":"**Bundling** — сборка множества модулей (JS/CSS/assets) в ограниченное число файлов с разрешением импортов и построением графа зависимостей. Уменьшает число HTTP-запросов (для HTTP/1.1) и нормализует модульную систему.\n\n**Tree-shaking** — удаление неиспользуемого кода (dead code elimination) на основе статического анализа **ESM** (`import`/`export`). Работает только с ES-модулями, т.к. их структура статична. Требует:\n- `\"sideEffects\": false` в package.json (или список файлов с сайд-эффектами);\n- production-режим;\n- ESM-сборку библиотеки (CommonJS не трясётся).\n\n**Code splitting** — разбиение бандла на чанки, загружаемые по требованию:\n- по роутам (`() => import(''./Page.vue'')`);\n- vendor-чанк (отделение библиотек);\n- динамические импорты.\nУлучшает Time-to-Interactive и кэширование.\n\n**Минификация** — удаление пробелов, сокращение имён переменных, dead code (terser/esbuild для JS, cssnano для CSS).\n\n**Source maps** — маппинг собранного/минифицированного кода на исходники для отладки. Типы: `eval`, `cheap-module-source-map`, `source-map` (полный, медленный). На проде обычно `hidden-source-map` (грузится только в DevTools/Sentry, не отдаётся всем) — иначе утечка исходников.\n\n**Трейдофф:** агрессивный splitting → много мелких запросов и waterfall; крупные чанки → плохое кэширование. Нужен баланс."}'::jsonb, ARRAY['bundling', 'tree-shaking', 'code-splitting', 'minification', 'source-maps', 'build']::text[]) on conflict (id) do nothing;
insert into anki.cards (id, note_id, deck_id, template_index, state) values ('3b45334f-f9ec-fe2a-aa34-c19471f3b4be', 'b6c8309a-d4f0-f91f-eb84-c4e148f9a1bb', '55555555-5555-5555-5555-555555550006', 0, 'new') on conflict (id) do nothing;
insert into anki.notes (id, note_type_id, deck_id, fields, tags) values ('4337a9db-1c1c-a56e-5c54-e84a7b8ce62f', '11111111-1111-1111-1111-111111110001', '55555555-5555-5555-5555-555555550006', '{"Front":"Чем Vite принципиально отличается от webpack? Как работает dev-сервер и HMR в каждом?","Back":"**webpack (классический bundler):**\n- В dev-режиме **собирает весь бандл** перед стартом dev-сервера → медленный cold start на больших проектах.\n- HMR через webpack-dev-server: пересборка затронутого участка графа + push обновления по WS.\n- Универсален, огромная экосистема лоадеров/плагинов, гибок, но конфиг тяжёлый.\n\n**Vite:**\n- В dev **НЕ бандлит** прикладной код. Использует **нативные ESM в браузере**: отдаёт модули по запросу через dev-сервер (esbuild для трансформации TS/JSX на лету). Cold start почти мгновенный.\n- **Pre-bundling зависимостей** через esbuild (Go, в 10-100x быстрее JS-бандлеров): CommonJS-либы конвертируются в ESM, много мелких модулей (lodash-es) схлопываются в один — иначе сотни запросов.\n- **HMR поверх ESM** — обновляется только изменённый модуль, скорость не зависит от размера приложения.\n- В **production** Vite бандлит через **Rollup** (esbuild не используется для финальной сборки из-за менее зрелого code splitting и отсутствия некоторых оптимизаций). Это создаёт потенциальный **dev/prod несоответствие**.\n\n**Итог:** Vite быстрее в dev за счёт ESM + esbuild; webpack — зрелее и контролируемее. Vite-плагины совместимы с Rollup API (+ собственные хуки)."}'::jsonb, ARRAY['vite', 'webpack', 'hmr', 'dev-server', 'esm', 'esbuild', 'rollup']::text[]) on conflict (id) do nothing;
insert into anki.cards (id, note_id, deck_id, template_index, state) values ('33ef25cd-9210-1688-0700-f87da35a2ce9', '4337a9db-1c1c-a56e-5c54-e84a7b8ce62f', '55555555-5555-5555-5555-555555550006', 0, 'new') on conflict (id) do nothing;
insert into anki.notes (id, note_type_id, deck_id, fields, tags) values ('c92b7d61-abed-47ba-cb82-0e78c1484990', '11111111-1111-1111-1111-111111110001', '55555555-5555-5555-5555-555555550006', '{"Front":"Почему Vite использует Rollup для прода и esbuild для dev? Что такое pre-bundling?","Back":"**Два разных движка по назначению:**\n\n**esbuild (dev + pre-bundling):**\n- Написан на Go, экстремально быстрый.\n- В dev: трансформирует TS/JSX → JS на лету (без типизации — только стрипает типы!).\n- **Dependency pre-bundling:** при старте Vite сканирует зависимости и предсобирает их в `node_modules/.vite`:\n  1. Конвертирует CommonJS/UMD → ESM (браузер понимает только ESM).\n  2. Объединяет множество внутренних модулей пакета в один файл → меньше HTTP-запросов (пакет с 600 файлами → 1).\n- Кэшируется; инвалидация по изменению lock-файла/зависимостей.\n\n**Rollup (production build):**\n- Зрелый tree-shaking, продвинутый code splitting, контроль над чанками (`manualChunks`), стабильный output.\n- esbuild для финальной сборки пока не используется: его splitting и плагин-экосистема менее зрелые.\n\n**Подводные камни:**\n- **Dev/prod расхождение:** в dev код не бандлится (нативный ESM), в prod бандлится Rollup''ом — баги вроде циклических зависимостей или сайд-эффектов могут проявиться только в prod-сборке.\n- esbuild не делает проверку типов → нужен отдельный `vue-tsc`/`tsc --noEmit` в CI."}'::jsonb, ARRAY['vite', 'rollup', 'esbuild', 'pre-bundling', 'build', 'dev-prod-parity']::text[]) on conflict (id) do nothing;
insert into anki.cards (id, note_id, deck_id, template_index, state) values ('aa7b6c01-9877-cc48-0086-d0408c5d082e', 'c92b7d61-abed-47ba-cb82-0e78c1484990', '55555555-5555-5555-5555-555555550006', 0, 'new') on conflict (id) do nothing;
insert into anki.notes (id, note_type_id, deck_id, fields, tags) values ('74b209dd-81a1-b53f-667f-a1b699d3e001', '11111111-1111-1111-1111-111111110001', '55555555-5555-5555-5555-555555550006', '{"Front":"Покажи типовой конфиг Vite: алиасы, env-переменные, плагины, настройка прокси и сборки.","Back":"```ts\n// vite.config.ts\nimport { defineConfig, loadEnv } from ''vite''\nimport vue from ''@vitejs/plugin-vue''\nimport { fileURLToPath, URL } from ''node:url''\n\nexport default defineConfig(({ mode }) => {\n  const env = loadEnv(mode, process.cwd(), '''')\n  return {\n    plugins: [vue()],\n    resolve: {\n      alias: {\n        ''@'': fileURLToPath(new URL(''./src'', import.meta.url)),\n      },\n    },\n    server: {\n      proxy: {\n        ''/api'': {\n          target: env.VITE_API_URL,\n          changeOrigin: true,\n          rewrite: (p) => p.replace(/^\\/api/, ''''),\n        },\n      },\n    },\n    build: {\n      sourcemap: ''hidden'',\n      rollupOptions: {\n        output: {\n          manualChunks: { vendor: [''vue'', ''vue-router'', ''pinia''] },\n        },\n      },\n    },\n  }\n})\n```\n\n**Env-переменные в Vite:**\n- Файлы `.env`, `.env.production`, `.env.local` (последний в `.gitignore`).\n- В клиентский код попадают **только** переменные с префиксом `VITE_` (защита от утечки секретов). Доступ через `import.meta.env.VITE_API_URL`.\n- `import.meta.env.MODE`, `PROD`, `DEV` — встроенные.\n\n**Подводные камни:**\n- env инлайнятся на этапе сборки (статическая замена) — нельзя менять без пересборки; для рантайм-конфига отдают отдельный `config.json` или window-объект.\n- `changeOrigin: true` нужен, чтобы бэкенд не отверг запрос по Host."}'::jsonb, ARRAY['vite', 'config', 'aliases', 'env', 'proxy', 'manual-chunks']::text[]) on conflict (id) do nothing;
insert into anki.cards (id, note_id, deck_id, template_index, state) values ('40e7c12b-d704-bc6a-10c5-b5d4728577a3', '74b209dd-81a1-b53f-667f-a1b699d3e001', '55555555-5555-5555-5555-555555550006', 0, 'new') on conflict (id) do nothing;
insert into anki.notes (id, note_type_id, deck_id, fields, tags) values ('96e3915e-a08f-5082-34a0-1932547c2020', '11111111-1111-1111-1111-111111110001', '55555555-5555-5555-5555-555555550006', '{"Front":"Покажи базовый конфиг webpack и объясни ключевые секции: entry, output, loaders, plugins, mode.","Back":"```js\n// webpack.config.js\nconst path = require(''path'')\nconst { VueLoaderPlugin } = require(''vue-loader'')\nconst HtmlWebpackPlugin = require(''html-webpack-plugin'')\n\nmodule.exports = {\n  mode: ''production'', // включает minification + tree-shaking\n  entry: ''./src/main.js'',\n  output: {\n    path: path.resolve(__dirname, ''dist''),\n    filename: ''[name].[contenthash].js'', // хэш для cache-busting\n    clean: true,\n  },\n  resolve: {\n    alias: { ''@'': path.resolve(__dirname, ''src'') },\n    extensions: [''.js'', ''.ts'', ''.vue''],\n  },\n  module: {\n    rules: [\n      { test: /\\.vue$/, use: ''vue-loader'' },\n      { test: /\\.ts$/, use: ''ts-loader'' },\n      { test: /\\.css$/, use: [''style-loader'', ''css-loader''] },\n      { test: /\\.(png|svg)$/, type: ''asset/resource'' },\n    ],\n  },\n  plugins: [\n    new VueLoaderPlugin(),\n    new HtmlWebpackPlugin({ template: ''./index.html'' }),\n  ],\n  optimization: {\n    splitChunks: { chunks: ''all'' }, // vendor splitting\n  },\n}\n```\n\n**Ключевые отличия от Vite:**\n- **Loaders** трансформируют файлы (цепочка справа налево); **plugins** влияют на весь процесс сборки.\n- `mode: production` автоматически включает terser, tree-shaking, scope hoisting.\n- `[contenthash]` в имени файла — для долгосрочного кэширования (меняется только при изменении содержимого).\n- env через `DefinePlugin` или `dotenv-webpack` (в отличие от встроенного `import.meta.env` у Vite)."}'::jsonb, ARRAY['webpack', 'config', 'loaders', 'plugins', 'contenthash', 'split-chunks']::text[]) on conflict (id) do nothing;
insert into anki.cards (id, note_id, deck_id, template_index, state) values ('f74a121f-f510-2cf6-5ab8-52457164396e', '96e3915e-a08f-5082-34a0-1932547c2020', '55555555-5555-5555-5555-555555550006', 0, 'new') on conflict (id) do nothing;
insert into anki.notes (id, note_type_id, deck_id, fields, tags) values ('a70bc0c5-592c-a485-7e87-bb60c2c75172', '11111111-1111-1111-1111-111111110001', '55555555-5555-5555-5555-555555550006', '{"Front":"Сессии vs токены для аутентификации: в чём разница, плюсы и минусы каждого подхода?","Back":"**Session-based (stateful):**\n- Сервер создаёт сессию, хранит её в памяти/Redis/БД, клиенту отдаёт `Set-Cookie` с session ID.\n- Состояние на сервере → легко **отозвать** (удалить сессию), есть контроль.\n- **Минусы:** не масштабируется горизонтально без общего стора (sticky sessions или Redis); сервер несёт нагрузку хранения; сложнее для микросервисов и мобильных клиентов.\n\n**Token-based (stateless, JWT):**\n- Сервер выдаёт подписанный токен; клиент шлёт его в каждом запросе (`Authorization: Bearer`).\n- Сервер **не хранит состояние** — валидирует подпись → легко масштабируется, удобно для микросервисов/SPA/мобильных.\n- **Минусы:** токен нельзя легко **отозвать** до истечения (нужен blacklist/короткий TTL → теряется stateless); больший размер; payload виден (base64, не шифрование!).\n\n**Когда что:**\n- Классическое серверное веб-приложение, нужен мгновенный отзыв → сессии.\n- SPA/мобайл/микросервисы/множество доменов → токены (но с продуманным refresh + хранением).\n\n**Гибрид (рекомендуемый для SPA):** короткоживущий access-токен + refresh-токен в httpOnly cookie, серверный список refresh-токенов для отзыва — сочетает масштабируемость и контроль."}'::jsonb, ARRAY['auth', 'sessions', 'tokens', 'jwt', 'stateless', 'scaling']::text[]) on conflict (id) do nothing;
insert into anki.cards (id, note_id, deck_id, template_index, state) values ('88d1121a-e128-c6df-f3a6-e2c3645fd75e', 'a70bc0c5-592c-a485-7e87-bb60c2c75172', '55555555-5555-5555-5555-555555550006', 0, 'new') on conflict (id) do nothing;
insert into anki.notes (id, note_type_id, deck_id, fields, tags) values ('c0cf7ab9-85ff-1553-fb07-ca20bfeaec64', '11111111-1111-1111-1111-111111110001', '55555555-5555-5555-5555-555555550006', '{"Front":"Что такое JWT: структура, как валидируется, какие частые ошибки безопасности?","Back":"**JWT (JSON Web Token)** — три base64url-части через точку: `header.payload.signature`.\n\n```\neyJhbGci... . eyJzdWIi... . SflKxwRJ...\n  header        payload      signature\n```\n- **header** — алгоритм (`alg`) и тип (`typ`).\n- **payload** — claims: `sub`, `exp`, `iat`, `iss`, `aud` + кастомные. **Не шифруется**, только кодируется → не клади секреты!\n- **signature** — `HMAC/RSA(header + payload, secret/privateKey)`. Гарантирует целостность и подлинность.\n\n**Валидация:** сервер пересчитывает подпись и проверяет `exp`, `iss`, `aud`.\n\n**Частые уязвимости:**\n- **`alg: none`** — атакующий ставит алгоритм \"none\" и убирает подпись. Защита: всегда whitelisting алгоритмов на сервере.\n- **Confusion-атака RS256→HS256** — публичный ключ используется как HMAC-секрет. Защита: явно фиксировать алгоритм.\n- **Хранение в localStorage** → доступен из JS → XSS крадёт токен.\n- **Невозможность отзыва** — поэтому короткий `exp` (5-15 мин) + refresh.\n- **Отсутствие проверки `exp`/`aud`** — токен другого сервиса проходит.\n\n**Важно:** JWT обеспечивает integrity, не confidentiality. Для секретности — JWE (шифрованный вариант)."}'::jsonb, ARRAY['jwt', 'auth', 'security', 'alg-none', 'claims', 'token-validation']::text[]) on conflict (id) do nothing;
insert into anki.cards (id, note_id, deck_id, template_index, state) values ('8949a6f6-f455-48a3-f779-ff58350c4f65', 'c0cf7ab9-85ff-1553-fb07-ca20bfeaec64', '55555555-5555-5555-5555-555555550006', 0, 'new') on conflict (id) do nothing;
insert into anki.notes (id, note_type_id, deck_id, fields, tags) values ('08478c66-99f4-8337-5c92-ae4995b8e29e', '11111111-1111-1111-1111-111111110001', '55555555-5555-5555-5555-555555550006', '{"Front":"Как работает OAuth2 и Authorization Code Flow с PKCE? Зачем PKCE для SPA?","Back":"**OAuth2** — протокол **делегированной авторизации** (доступ к ресурсам без передачи пароля), не аутентификации (для неё — OpenID Connect поверх OAuth2).\n\n**Роли:** Resource Owner (юзер), Client (приложение), Authorization Server, Resource Server.\n\n**Authorization Code Flow (классический, для серверных приложений):**\n1. Клиент редиректит юзера на authorization server.\n2. Юзер логинится и даёт согласие.\n3. Authorization server редиректит обратно с **authorization code**.\n4. Клиент **на бэкенде** меняет code на access/refresh-токены (используя client_secret).\n\n**PKCE (Proof Key for Code Exchange) — для SPA/мобильных:**\n- Публичные клиенты не могут хранить `client_secret` (код виден в браузере).\n- Клиент генерирует `code_verifier` (случайная строка) и `code_challenge = SHA256(verifier)`.\n1. В авторизационном запросе шлёт `code_challenge`.\n2. При обмене code на токен шлёт `code_verifier`.\n3. Сервер сверяет хэш → перехваченный code бесполезен без verifier.\n\n**Почему важно:** защищает от **перехвата authorization code** (authorization code interception attack) на редиректе. Сейчас PKCE рекомендован для ВСЕХ клиентов, не только публичных.\n\n**Устаревшее:** Implicit Flow (токен прямо в URL-фрагменте) — небезопасен, заменён на Code Flow + PKCE."}'::jsonb, ARRAY['oauth2', 'pkce', 'auth', 'authorization-code', 'oidc', 'spa-security']::text[]) on conflict (id) do nothing;
insert into anki.cards (id, note_id, deck_id, template_index, state) values ('83bbc7b6-849b-fdcc-4e67-b7b0476eae60', '08478c66-99f4-8337-5c92-ae4995b8e29e', '55555555-5555-5555-5555-555555550006', 0, 'new') on conflict (id) do nothing;
insert into anki.notes (id, note_type_id, deck_id, fields, tags) values ('550e0677-a33d-f85a-aa00-6d6612679eb0', '11111111-1111-1111-1111-111111110001', '55555555-5555-5555-5555-555555550006', '{"Front":"Зачем нужны refresh-токены и где безопасно хранить токены в SPA?","Back":"**Зачем refresh-токены:**\n- Access-токен делают короткоживущим (5-15 мин) — если украдут, окно атаки мало.\n- **Refresh-токен** (долгоживущий) используется только для получения нового access-токена, хранится серверно (для отзыва) и почти не передаётся.\n- Это компромисс между stateless-удобством JWT и возможностью отзыва.\n\n**Refresh Token Rotation:** при каждом обновлении выдаётся новый refresh-токен, старый инвалидируется. Если предъявлен уже использованный (украденный) — детект кражи → отзыв всей цепочки.\n\n**Где хранить — главный вопрос безопасности:**\n\n| Хранилище | XSS | CSRF | Авто-отправка |\n|-----------|-----|------|---------------|\n| localStorage | уязвим | защищён | нет (вручную) |\n| httpOnly cookie | защищён | уязвим* | да |\n| память (JS-переменная) | минимизирует | защищён | нет |\n\n**Рекомендуемый паттерн для SPA:**\n- **Refresh-токен → httpOnly + Secure + SameSite cookie** (недоступен из JS, защита от XSS-кражи).\n- **Access-токен → в памяти** (JS-переменная/стор), теряется при перезагрузке → восстанавливается через refresh.\n- CSRF на refresh-эндпоинте закрывают `SameSite=Strict/Lax` + CSRF-токеном.\n\n**Антипаттерн:** долгоживущий токен в localStorage — любой XSS = полный угон сессии без возможности быстрого отзыва."}'::jsonb, ARRAY['refresh-token', 'token-rotation', 'auth', 'token-storage', 'httponly', 'xss']::text[]) on conflict (id) do nothing;
insert into anki.cards (id, note_id, deck_id, template_index, state) values ('db878e4b-8f88-c057-06ab-7874e85e949e', '550e0677-a33d-f85a-aa00-6d6612679eb0', '55555555-5555-5555-5555-555555550006', 0, 'new') on conflict (id) do nothing;
insert into anki.notes (id, note_type_id, deck_id, fields, tags) values ('a8866c7b-d308-8d57-259c-d8dcbec976d8', '11111111-1111-1111-1111-111111110001', '55555555-5555-5555-5555-555555550006', '{"Front":"Что такое XSS, какие виды бывают и как защищаться во Vue-приложении?","Back":"**XSS (Cross-Site Scripting)** — внедрение и выполнение чужого JS в контексте вашего сайта → кража токенов/cookies, действия от имени юзера.\n\n**Виды:**\n- **Stored** — вредоносный скрипт сохраняется на сервере (комментарий, профиль) и отдаётся всем.\n- **Reflected** — скрипт в URL/параметре, отражается в ответе (фишинговая ссылка).\n- **DOM-based** — уязвимость в клиентском коде (`innerHTML`, `eval`, небезопасный роутинг) без участия сервера.\n\n**Защита во Vue:**\n- Vue **по умолчанию экранирует** интерполяцию `{{ }}` и `v-bind` → безопасно.\n- **`v-html` — главная дыра:** рендерит сырой HTML без экранирования. Никогда не передавай туда пользовательский ввод; если нужно — санируй через **DOMPurify**.\n```js\nimport DOMPurify from ''dompurify''\nconst safe = DOMPurify.sanitize(userHtml)\n```\n- Не биндить пользовательский ввод в `href`/`src` без проверки схемы (`javascript:` URI).\n- Динамические компоненты/`:style`/`:class` из ввода — осторожно.\n\n**Защита в глубину:**\n- **CSP** (Content-Security-Policy) — даже при инъекции скрипт не выполнится.\n- Токены в **httpOnly cookie** — XSS не прочитает их из JS.\n- Экранирование на бэкенде тоже (defense in depth).\n\n**Подводный камень:** SSR (Nuxt) добавляет вектор — данные, инлайнящиеся в HTML, должны экранироваться."}'::jsonb, ARRAY['xss', 'security', 'vue', 'v-html', 'dompurify', 'csp', 'sanitization']::text[]) on conflict (id) do nothing;
insert into anki.cards (id, note_id, deck_id, template_index, state) values ('9af38910-70ff-2749-827f-fb69a5cf6bff', 'a8866c7b-d308-8d57-259c-d8dcbec976d8', '55555555-5555-5555-5555-555555550006', 0, 'new') on conflict (id) do nothing;
insert into anki.notes (id, note_type_id, deck_id, fields, tags) values ('1429f6c4-a63d-3475-c149-399b8ca908d2', '11111111-1111-1111-1111-111111110001', '55555555-5555-5555-5555-555555550006', '{"Front":"Что такое CSRF, чем отличается от XSS и как защищаться? Роль SameSite-cookies.","Back":"**CSRF (Cross-Site Request Forgery)** — атакующий заставляет браузер жертвы отправить запрос на ваш сайт, используя её **автоматически прикрепляемые cookies**. Жертва на evil.com → скрытая форма/img шлёт `POST bank.com/transfer`, браузер прикрепляет cookie сессии → запрос проходит как легитимный.\n\n**Ключевое отличие от XSS:**\n- XSS — выполнение чужого кода на вашем сайте (проблема доверия к данным).\n- CSRF — легитимный браузер шлёт запрос, инициированный чужим сайтом (проблема доверия к источнику запроса). CSRF эксплуатирует **неявную авторизацию через cookie**.\n\n**Защита:**\n- **SameSite cookie:**\n  - `Strict` — cookie не шлётся при любых кросс-сайтовых запросах (даже по обычной ссылке) → ломает UX переходов.\n  - `Lax` (дефолт в современных браузерах) — шлётся при top-level GET-навигации, но не при кросс-сайтовых POST/iframe/fetch → закрывает большинство CSRF.\n  - `None` — шлётся всегда, **требует** `Secure`.\n- **CSRF-токен** (synchronizer token) — сервер генерит токен, кладёт в форму/заголовок; атакующий не может его прочитать (Same-Origin Policy).\n- **Double Submit Cookie** — токен в cookie + в заголовке, сервер сверяет.\n- Проверка заголовков `Origin`/`Referer`.\n\n**Важно:** токены в `Authorization`-заголовке (не cookie) **не уязвимы к CSRF** — браузер не прикрепляет их автоматически. Поэтому Bearer-токены из памяти иммунны к CSRF (но уязвимы к XSS — другой трейдофф)."}'::jsonb, ARRAY['csrf', 'security', 'samesite', 'csrf-token', 'cookies', 'xss-vs-csrf']::text[]) on conflict (id) do nothing;
insert into anki.cards (id, note_id, deck_id, template_index, state) values ('4401d7b3-a6fc-42ac-dc27-c5932640c79f', '1429f6c4-a63d-3475-c149-399b8ca908d2', '55555555-5555-5555-5555-555555550006', 0, 'new') on conflict (id) do nothing;
insert into anki.notes (id, note_type_id, deck_id, fields, tags) values ('3c009190-cba6-91a4-cc24-d4327bf98880', '11111111-1111-1111-1111-111111110001', '55555555-5555-5555-5555-555555550006', '{"Front":"Как работает CORS и Same-Origin Policy? Что такое preflight-запрос?","Back":"**Same-Origin Policy (SOP)** — базовая защита браузера: скрипт может читать ответы только с того же **origin** (схема + хост + порт). Это НЕ запрещает отправку запроса, а запрещает чтение ответа из JS.\n\n**CORS (Cross-Origin Resource Sharing)** — механизм, которым **сервер** ослабляет SOP, явно разрешая определённым origin читать ответы. Управляется заголовками ответа:\n- `Access-Control-Allow-Origin: https://app.com` (или `*`, но `*` несовместим с credentials).\n- `Access-Control-Allow-Credentials: true` — разрешить cookies/auth.\n- `Access-Control-Allow-Methods`, `Access-Control-Allow-Headers`.\n\n**Simple vs Preflight:**\n- **Simple request** (GET/HEAD/POST с простыми заголовками и content-type из белого списка) — идёт сразу.\n- **Preflight** — браузер сначала шлёт `OPTIONS` с `Access-Control-Request-Method/Headers`, сервер отвечает разрешениями, только потом летит настоящий запрос. Триггерится при: методах PUT/DELETE/PATCH, кастомных заголовках (`Authorization` в некоторых случаях, `Content-Type: application/json`).\n- `Access-Control-Max-Age` кэширует preflight.\n\n**Частые заблуждения:**\n- CORS — это **не защита сервера**: запрос всё равно доходит и выполняется (важно для CSRF!). CORS лишь решает, увидит ли JS ответ.\n- При `credentials: ''include''` нельзя `Allow-Origin: *` — нужен конкретный origin.\n- Ошибка CORS в консоли = сервер не вернул нужные заголовки, а не проблема фронта; фиксится на бэкенде или через dev-прокси (`server.proxy` в Vite)."}'::jsonb, ARRAY['cors', 'same-origin-policy', 'preflight', 'security', 'credentials', 'browser']::text[]) on conflict (id) do nothing;
insert into anki.cards (id, note_id, deck_id, template_index, state) values ('dae49c3d-0847-1440-d0a5-0a0d44ffa552', '3c009190-cba6-91a4-cc24-d4327bf98880', '55555555-5555-5555-5555-555555550006', 0, 'new') on conflict (id) do nothing;
insert into anki.notes (id, note_type_id, deck_id, fields, tags) values ('90fb6e48-d7e0-a49e-7265-77a2bb11979b', '11111111-1111-1111-1111-111111110001', '55555555-5555-5555-5555-555555550006', '{"Front":"Что такое CSP и httpOnly/Secure/SameSite атрибуты cookies? Как они усиливают защиту?","Back":"**CSP (Content-Security-Policy)** — заголовок (или meta), задающий белые списки источников ресурсов. Главная **защита в глубину против XSS**: даже если скрипт внедрён, он не выполнится без разрешения.\n\n```\nContent-Security-Policy:\n  default-src ''self'';\n  script-src ''self'' https://cdn.trusted.com;\n  style-src ''self'' ''unsafe-inline'';\n  img-src ''self'' data:;\n  connect-src ''self'' https://api.app.com;\n  frame-ancestors ''none'';\n```\n- `script-src ''self''` — блокирует inline-скрипты и внешние домены → нейтрализует большинство XSS.\n- **`''unsafe-inline''`** сводит защиту на нет; вместо него — **nonce** (`''nonce-rAnd0m''`) или **hash** для разрешённых inline-скриптов.\n- `frame-ancestors ''none''` — современная замена `X-Frame-Options` (защита от clickjacking).\n- `Content-Security-Policy-Report-Only` + `report-uri` — обкатка политики без блокировки.\n\n**Подводный камень для Vue/Vite:** inline-стили и dev-сборка могут конфликтовать с жёстким CSP; нужны nonce или ослабление в dev.\n\n**Атрибуты cookies:**\n- **`HttpOnly`** — cookie недоступна из `document.cookie` (JS) → XSS не украдёт токен сессии.\n- **`Secure`** — отправляется только по HTTPS → защита от перехвата (MITM).\n- **`SameSite`** (`Strict`/`Lax`/`None`) — контролирует отправку при кросс-сайтовых запросах → защита от CSRF.\n- **`__Host-` префикс** — заставляет cookie быть Secure, без Domain, path=/ → максимальная привязка к origin.\n\n**Комбинация:** `Set-Cookie: token=...; HttpOnly; Secure; SameSite=Strict; Path=/` — эталон для сессионных/refresh-токенов."}'::jsonb, ARRAY['csp', 'cookies', 'httponly', 'samesite', 'secure', 'security', 'clickjacking']::text[]) on conflict (id) do nothing;
insert into anki.cards (id, note_id, deck_id, template_index, state) values ('ef5448c4-641c-0bd2-ffe2-07ea74b36802', '90fb6e48-d7e0-a49e-7265-77a2bb11979b', '55555555-5555-5555-5555-555555550006', 0, 'new') on conflict (id) do nothing;

-- Собеседование · Анализ и проектирование (10)
insert into anki.decks (id, name, description, config) values ('55555555-5555-5555-5555-555555550007', 'Собеседование · Анализ и проектирование', 'Подготовка: анализ, оценка, проектирование', '{"newCardsPerDay":30,"maxReviewsPerDay":300}'::jsonb) on conflict (id) do nothing;
insert into anki.notes (id, note_type_id, deck_id, fields, tags) values ('b6d5231e-bb64-fee0-c4f2-111257f705f6', '11111111-1111-1111-1111-111111110001', '55555555-5555-5555-5555-555555550007', '{"Front":"Как ты подходишь к анализу постановки задачи перед началом разработки? Что делаешь в первую очередь?","Back":"Цель анализа — превратить размытое \"хочу кнопку\" в проверяемое описание поведения системы. Порядок действий:\n\n1. **Понять проблему, а не решение.** Заказчик часто приходит с уже придуманным решением (\"добавь модалку\"). Сначала вытаскиваю **проблему и контекст**: какую боль закрываем, кто пользователь, как часто это происходит. Вопрос \"зачем?\" важнее \"что?\".\n2. **Определить границы (scope).** Что входит, а что явно НЕ входит. Зафиксировать out-of-scope письменно — это защита от scope creep.\n3. **Выявить акторов и сценарии.** Кто инициирует, какие роли, happy path + альтернативные ветки + ошибки.\n4. **Найти неявные требования.** Нефункциональные: производительность, доступность (a11y), локализация, безопасность, поведение на мобильных, состояние offline/загрузки/пустых данных.\n5. **Зафиксировать критерии приёмки** до старта.\n\nПодводный камень: соглашаться писать код по первому же тикету. Молчаливые допущения — главный источник переделок. **Лучше потратить час на уточнение, чем неделю на переделку.**"}'::jsonb, ARRAY['requirements', 'analysis', 'scope', 'discovery']::text[]) on conflict (id) do nothing;
insert into anki.cards (id, note_id, deck_id, template_index, state) values ('82c12185-8b04-0883-2d3e-98c0bf45a0b1', 'b6d5231e-bb64-fee0-c4f2-111257f705f6', '55555555-5555-5555-5555-555555550007', 0, 'new') on conflict (id) do nothing;
insert into anki.notes (id, note_type_id, deck_id, fields, tags) values ('f4033062-4b7d-8a37-f80b-cac8370ed53d', '11111111-1111-1111-1111-111111110001', '55555555-5555-5555-5555-555555550007', '{"Front":"Тебе дали задачу: «Сделать фильтр на странице каталога». Какие уточняющие вопросы задашь?","Back":"Намеренно расплывчатая постановка — нужно вскрыть допущения. Группирую вопросы:\n\n**Функциональные:**\n- По каким полям фильтруем? Один фильтр или несколько одновременно (AND/OR)?\n- Фильтрация на клиенте или на сервере? Сколько данных (10 записей или 100k)?\n- Сохранять состояние фильтра в URL (для шаринга/перезагрузки)?\n- Сбрасывается ли фильтр при пагинации/смене сортировки?\n\n**UX:**\n- Применять мгновенно или по кнопке \"Применить\"? Нужен ли debounce?\n- Что показываем при пустом результате?\n- Поведение на мобильных (выезжающая панель)?\n\n**Нефункциональные:**\n- Ожидаемый объём данных и допустимая задержка?\n- a11y: управление с клавиатуры, ARIA?\n- Локализация значений фильтра?\n\n**Контекст/приоритеты:**\n- Какой дедлайн? Можно ли резать scope?\n- Есть ли уже готовый компонент фильтра в дизайн-системе?\n\n**Сениорский нюанс:** вопросы — это не \"допрос заказчика\", а демонстрация, что ты видишь риски. Часто половина ответов = \"а мы не подумали\", и ты только что предотвратил баг в проде."}'::jsonb, ARRAY['requirements', 'clarifying-questions', 'ux', 'frontend']::text[]) on conflict (id) do nothing;
insert into anki.cards (id, note_id, deck_id, template_index, state) values ('a35d95eb-0c06-da8b-6726-080b420425d7', 'f4033062-4b7d-8a37-f80b-cac8370ed53d', '55555555-5555-5555-5555-555555550007', 0, 'new') on conflict (id) do nothing;
insert into anki.notes (id, note_type_id, deck_id, fields, tags) values ('22dc9142-dcba-4a17-9552-ef0aaac38512', '11111111-1111-1111-1111-111111110001', '55555555-5555-5555-5555-555555550007', '{"Front":"Что такое критерии приёмки (acceptance criteria) и как их правильно формулировать?","Back":"**Критерии приёмки** — набор условий, при выполнении которых задача считается сделанной. Это \"definition of done\" на уровне конкретной фичи и одновременно основа для тест-кейсов.\n\nХорошие критерии:\n- **Проверяемые** (можно однозначно сказать да/нет), не \"должно быть удобно\".\n- **Атомарные** — один критерий = одно условие.\n- Покрывают **happy path + граничные случаи + ошибки**.\n\nЧастый формат — **Gherkin (Given-When-Then):**\n```gherkin\nGiven пользователь на странице каталога с активным фильтром по категории\nWhen он перезагружает страницу\nThen фильтр восстанавливается из URL и список отфильтрован\n```\n\nИли чек-лист:\n```\n- [ ] При пустом результате показывается заглушка \"Ничего не найдено\"\n- [ ] Состояние фильтра пишется в query-параметры\n- [ ] Запрос к API дебаунсится на 300мс\n```\n\n**Зачем фронтендеру:** критерии = граница ответственности. Если в них нет \"состояния загрузки\" — формально ты не обязан его делать (но лучше уточнить заранее). Они же защищают на код-ревью и приёмке: \"работает по критериям\" вместо споров о вкусах.\n\n**Антипаттерн:** критерии, описывающие реализацию (\"использовать Pinia\"), а не поведение. Критерии — про *что*, а не *как*."}'::jsonb, ARRAY['acceptance-criteria', 'requirements', 'gherkin', 'definition-of-done']::text[]) on conflict (id) do nothing;
insert into anki.cards (id, note_id, deck_id, template_index, state) values ('a4f92626-2d8f-0fc0-5749-eda98fe5fd51', '22dc9142-dcba-4a17-9552-ef0aaac38512', '55555555-5555-5555-5555-555555550007', 0, 'new') on conflict (id) do nothing;
insert into anki.notes (id, note_type_id, deck_id, fields, tags) values ('f9d8fadd-8c51-9c0e-bd11-564cc87e3da3', '11111111-1111-1111-1111-111111110001', '55555555-5555-5555-5555-555555550007', '{"Front":"Зачем нужна оценка задач (estimation) и почему оценивают в story points, а не в часах?","Back":"Оценка нужна для **планирования спринта, прогнозирования сроков и выявления слишком крупных/рискованных задач** (если не можешь оценить — плохо понял задачу).\n\n**Часы — плохая единица, потому что:**\n- Зависят от исполнителя (джун vs сеньор).\n- Люди системно занижают абсолютное время (planning fallacy).\n- Создают ложное ощущение точности и превращаются в обещание/дедлайн.\n\n**Story points** — относительная мера, учитывающая сразу три фактора:\n1. **Объём работы** (сколько делать).\n2. **Сложность** (насколько хитро).\n3. **Неопределённость/риск** (сколько неизвестного).\n\nТипично используют **ряд Фибоначчи** (1, 2, 3, 5, 8, 13): чем больше число, тем грубее оценка — это честно отражает рост неопределённости. Задачу в 13+ SP обычно нужно **декомпозировать**.\n\nОценивают относительно **эталонной задачи** (\"эта примерно как та, что была на 3\"). Через несколько спринтов команда набирает **velocity** (SP за спринт) — и это даёт прогноз сроков на уровне команды, не привязанный к конкретному человеку.\n\n**Трейдофф:** SP хороши для команды и среднесрока, но менеджмент часто хочет даты. Тогда velocity → даты, но с диапазоном, а не точкой."}'::jsonb, ARRAY['estimation', 'story-points', 'agile', 'velocity']::text[]) on conflict (id) do nothing;
insert into anki.cards (id, note_id, deck_id, template_index, state) values ('552d4be8-8fcc-cc87-03fb-ed2331fcfae8', 'f9d8fadd-8c51-9c0e-bd11-564cc87e3da3', '55555555-5555-5555-5555-555555550007', 0, 'new') on conflict (id) do nothing;
insert into anki.notes (id, note_type_id, deck_id, fields, tags) values ('b58a9e9c-22e5-1f9a-050a-9d71a1389976', '11111111-1111-1111-1111-111111110001', '55555555-5555-5555-5555-555555550007', '{"Front":"Чем story points отличаются от T-shirt sizing? Когда что применять?","Back":"Оба метода — **относительная оценка**, отличаются гранулярностью и контекстом.\n\n**Story Points (числа, обычно Фибоначчи 1–13):**\n- Точнее, дают velocity и прогноз.\n- Подходят для **груминга бэклога перед спринтом**, когда задачи достаточно проработаны.\n- Минус: больше времени на обсуждение, риск \"торга о цифрах\".\n\n**T-shirt sizing (XS, S, M, L, XL):**\n- Грубая, быстрая оценка.\n- Подходит на **раннем этапе**: оценка эпиков, roadmap, приоритизация бэклога, когда деталей ещё нет.\n- Намеренно нет ложной точности — нельзя \"поторговаться\" между M и M+.\n- Минус: не складывается в velocity напрямую (нужно маппить размеры в диапазоны SP).\n\n**Практика:** часто комбинируют — эпики оценивают в T-shirt для roadmap, затем при декомпозиции в истории переходят на SP. \n\n**Общий принцип обоих:** оценка — это **снижение неопределённости и инструмент коммуникации**, а не контракт. Главная польза часто не в самой цифре, а в **обсуждении**, которое вскрывает разное понимание задачи у разработчиков (техника Planning Poker именно для этого — расхождение оценок = сигнал, что задачу поняли по-разному)."}'::jsonb, ARRAY['estimation', 't-shirt-sizing', 'story-points', 'planning']::text[]) on conflict (id) do nothing;
insert into anki.cards (id, note_id, deck_id, template_index, state) values ('09272f33-5a65-5e60-cae9-28c1e11c3b4e', 'b58a9e9c-22e5-1f9a-050a-9d71a1389976', '55555555-5555-5555-5555-555555550007', 0, 'new') on conflict (id) do nothing;
insert into anki.notes (id, note_type_id, deck_id, fields, tags) values ('16b92ac0-1a88-e01a-0b66-3cf32aa02878', '11111111-1111-1111-1111-111111110001', '55555555-5555-5555-5555-555555550007', '{"Front":"Как ты декомпозируешь крупную фичу на задачи? По какому принципу режешь?","Back":"Главный принцип — **резать по вертикали (vertical slicing), а не по слоям**.\n\n**Плохо (горизонтально):** \"задача — вся вёрстка\", \"задача — все API-запросы\", \"задача — вся логика\". Тогда ничего не работает целиком, пока не сделано всё, нельзя выкатить инкремент, поздно всплывают интеграционные проблемы.\n\n**Хорошо (вертикально):** каждая задача — тонкий сквозной кусок ценности (UI + логика + данные), который можно показать и выкатить. Например, фичу \"корзина\" режем как:\n- Добавление товара в корзину (минимально: 1 товар, без скидок).\n- Изменение количества.\n- Промокоды.\n- Сохранение корзины между сессиями.\n\n**Критерии хорошей декомпозиции (INVEST):** Independent, Negotiable, Valuable, Estimable, Small, Testable.\n\n**Приёмы дробления:**\n- По шагам workflow / по CRUD-операциям.\n- По бизнес-правилам (сначала happy path, потом edge cases отдельными задачами).\n- По данным (один тип сначала, остальные потом).\n- Выделить **spike** (исследование) отдельной задачей, если высокая неопределённость.\n\n**Сигнал, что надо дробить:** задача >8–13 SP, не помещается в спринт, или не можешь её оценить. \n\n**Фронтенд-специфика:** отдельно стоит выделять переиспользуемые компоненты дизайн-системы — их часто делают как самостоятельную задачу-зависимость для нескольких фич."}'::jsonb, ARRAY['decomposition', 'vertical-slicing', 'invest', 'task-breakdown']::text[]) on conflict (id) do nothing;
insert into anki.cards (id, note_id, deck_id, template_index, state) values ('669b09ef-7a1a-19b1-6d0a-0af3ea863cd5', '16b92ac0-1a88-e01a-0b66-3cf32aa02878', '55555555-5555-5555-5555-555555550007', 0, 'new') on conflict (id) do nothing;
insert into anki.notes (id, note_type_id, deck_id, fields, tags) values ('4cbb9e25-6a95-402f-1b6e-8bbe5869e58d', '11111111-1111-1111-1111-111111110001', '55555555-5555-5555-5555-555555550007', '{"Front":"Что такое риски и буферы при оценке? Как закладывать запас, не обманывая себя?","Back":"**Риск** — событие с неопределённостью, которое может увеличить сроки: непонятное legacy, зависимость от другой команды/чужого API, новая технология, нечёткие требования.\n\n**Буфер** — заложенный запас времени/SP на эти неизвестные.\n\n**Как делать правильно:**\n1. **Не размазывать буфер по каждой задаче** (\"+30% на всё\") — это прячет проблему и провоцирует закон Паркинсона (работа занимает всё отведённое время). Лучше — **общий буфер на проект/спринт** (метод критической цепи Голдратта).\n2. **Идентифицировать риски явно**, а не закладывать абстрактный запас. Завести список рисков с вероятностью и влиянием.\n3. **Снижать неопределённость до оценки**, а не закладывать её в число: для рискованной части — **spike/прототип** на ограниченный timebox, потом переоценка.\n4. **Оценивать диапазоном/сценариями**, а не точкой: оптимистичный / реалистичный / пессимистичный (база PERT: `(O + 4M + P) / 6`).\n\n**Анти-обман самого себя:**\n- Помнить про **planning fallacy** — мы хронически оптимисты. Опираться на исторические данные (прошлый velocity), а не на ощущение.\n- Учитывать **скрытую работу**: код-ревью, тесты, интеграция, исправление багов, обсуждения, переключение контекста.\n- Различать **estimate (честная оценка)** и **commitment (обещание)** — менеджмент часто давит, чтобы оценка стала обещанием. Это ловушка.\n\n**Трейдофф:** слишком большой буфер → команда расслабляется и теряет доверие бизнеса; слишком маленький → постоянные переносы. Калибруется по факту через ретро."}'::jsonb, ARRAY['estimation', 'risks', 'buffers', 'pert', 'planning-fallacy']::text[]) on conflict (id) do nothing;
insert into anki.cards (id, note_id, deck_id, template_index, state) values ('2fe9aaf3-e0a1-4910-0cfe-12257c1eb5a4', '4cbb9e25-6a95-402f-1b6e-8bbe5869e58d', '55555555-5555-5555-5555-555555550007', 0, 'new') on conflict (id) do nothing;
insert into anki.notes (id, note_type_id, deck_id, fields, tags) values ('08a35999-951e-b81c-b52a-698339c795bf', '11111111-1111-1111-1111-111111110001', '55555555-5555-5555-5555-555555550007', '{"Front":"Как ты выбираешь подход к решению, когда есть несколько вариантов? По каким критериям сравниваешь?","Back":"Проектирование — это **управляемый выбор из альтернатив**, а не \"сел и написал\". Алгоритм:\n\n1. **Сгенерировать минимум 2–3 варианта.** Если вариант один — ты, скорее всего, не понял задачу или взял первое, что пришло в голову.\n2. **Определить критерии сравнения** под конкретный контекст. Типичные оси:\n   - **Сложность реализации** и время.\n   - **Сопровождаемость / читаемость** (кто будет это поддерживать через год).\n   - **Производительность** (есть ли реальные требования или преждевременная оптимизация).\n   - **Масштабируемость** (заложенный рост — но без over-engineering под гипотетическое будущее).\n   - **Соответствие существующей архитектуре** и стеку команды.\n   - **Зависимости и vendor lock-in** (новая библиотека = поддержка, размер бандла, безопасность).\n   - **Тестируемость**.\n   - **Обратимость решения** — дешево ли откатить, если ошиблись.\n3. **Оценить трейдоффы явно.** Идеального решения нет; есть подходящее под ограничения. Часто полезна простая таблица решений (варианты × критерии).\n\n**Ключевой принцип — обратимость (Безос: type-1 vs type-2 решения):** необратимые решения (выбор фреймворка, схема БД, публичный API-контракт) требуют тщательного анализа; обратимые (внутренняя структура компонента) — лучше быстро попробовать, чем долго анализировать.\n\n**Сениорский маркер:** умение сказать \"возьмём вариант проще, потому что требования к нагрузке низкие\" — это зрелость, а не лень. **YAGNI и KISS — тоже инженерные решения.**"}'::jsonb, ARRAY['solution-design', 'tradeoffs', 'decision-making', 'architecture']::text[]) on conflict (id) do nothing;
insert into anki.cards (id, note_id, deck_id, template_index, state) values ('23e84e05-b578-0856-54b9-75614701ad93', '08a35999-951e-b81c-b52a-698339c795bf', '55555555-5555-5555-5555-555555550007', 0, 'new') on conflict (id) do nothing;
insert into anki.notes (id, note_type_id, deck_id, fields, tags) values ('919f00c6-ac3b-e42c-5b3b-52fbe8fcbec4', '11111111-1111-1111-1111-111111110001', '55555555-5555-5555-5555-555555550007', '{"Front":"Когда и зачем нужно прототипирование (PoC / spike) на этапе проектирования?","Back":"**Прототип** нужен, чтобы **дёшево снизить неопределённость** до того, как вложишься в полноценную реализацию. Это инструмент исследования, а не продукт.\n\n**Виды и когда применять:**\n- **Spike** — исследовательская задача с жёстким **timebox** (\"2 дня выяснить, тянет ли библиотека X наш кейс\"). Результат — знание и оценка, а не готовый код.\n- **PoC (proof of concept)** — доказать техническую возможность (\"можно ли вообще отрисовать 100k точек на canvas с приемлемым FPS\").\n- **UI-прототип** — проверить UX/дизайн-гипотезу до интеграции с бэком (моки данных).\n- **Throwaway vs Evolutionary:** одноразовый (выкинуть после) vs эволюционный (доращивать). \n\n**Критичный подводный камень:** прототип **легко превращается в прод** под давлением сроков (\"да оно же работает, давай задеплоим\"). У throwaway-прототипа специально нет тестов, обработки ошибок, edge-cases. Нужно либо изначально договориться, что код выкидываем, либо честно закладывать время на доведение.\n\n**Когда НЕ нужен прототип:** задача типовая и понятная, риск низкий — тогда прототип = трата времени, делай сразу.\n\n**Frontend-кейсы для spike:** оценка новой библиотеки графиков/таблиц, проверка производительности рендера большого списка (нужна ли виртуализация), совместимость с SSR, поведение анимаций на слабых устройствах."}'::jsonb, ARRAY['prototyping', 'poc', 'spike', 'timebox', 'risk-reduction']::text[]) on conflict (id) do nothing;
insert into anki.cards (id, note_id, deck_id, template_index, state) values ('72f0779f-f7f8-f5b9-f9b9-0e7019eba7d2', '919f00c6-ac3b-e42c-5b3b-52fbe8fcbec4', '55555555-5555-5555-5555-555555550007', 0, 'new') on conflict (id) do nothing;
insert into anki.notes (id, note_type_id, deck_id, fields, tags) values ('2b619da8-8fd4-837a-669c-e182a83bc3a4', '11111111-1111-1111-1111-111111110001', '55555555-5555-5555-5555-555555550007', '{"Front":"Как и зачем документировать принятое архитектурное/проектное решение? Что такое ADR?","Back":"Документация решения нужна, чтобы через полгода (или новому человеку) был понятен **не только итог, но и контекст и причины** — иначе \"почему так сделано?\" приводит к ошибочным переделкам или повторению уже отвергнутых вариантов.\n\n**ADR (Architecture Decision Record)** — короткий неизменяемый документ на одно значимое решение. Хранится в репозитории (`docs/adr/0007-state-management.md`), версионируется вместе с кодом. Типовая структура:\n```markdown\n# ADR-0007: Выбор менеджера состояния\n## Статус\nПринято (2026-06-10). Заменяет ADR-0003.\n## Контекст\nПриложение разрастается, prop drilling, нужно разделяемое состояние...\n## Решение\nИспользуем Pinia.\n## Альтернативы\n- Vuex — legacy, хуже TS-поддержка.\n- Provide/inject — не хватает devtools и структуры.\n## Последствия\n+ Хорошая типизация, devtools.\n- Ещё одна зависимость, команде нужно изучить.\n```\n\n**Ключевые свойства ADR:**\n- **Immutable** — не редактируем старые, а помечаем `Superseded` и пишем новый. Сохраняется история мышления.\n- Фиксирует **отвергнутые альтернативы и причины** — это самое ценное.\n- Короткий (1 экран), иначе никто не пишет и не читает.\n\n**Что ещё документировать:** диаграммы (C4-модель для архитектуры, sequence-диаграммы для потоков), контракты API (OpenAPI), нефункциональные требования.\n\n**Принцип:** документируй **значимые и необратимые** решения. Документировать каждую мелочь — overhead, который устаревает быстрее, чем пишется. Лучшая документация — близко к коду, версионируется и обновляется в том же PR."}'::jsonb, ARRAY['documentation', 'adr', 'architecture', 'decision-records', 'c4-model']::text[]) on conflict (id) do nothing;
insert into anki.cards (id, note_id, deck_id, template_index, state) values ('4fe3e264-0256-ccce-b690-7886afb5c22a', '2b619da8-8fd4-837a-669c-e182a83bc3a4', '55555555-5555-5555-5555-555555550007', 0, 'new') on conflict (id) do nothing;

-- Собеседование · Организация и управление (10)
insert into anki.decks (id, name, description, config) values ('55555555-5555-5555-5555-555555550008', 'Собеседование · Организация и управление', 'Подготовка: лид, команда, интервью', '{"newCardsPerDay":30,"maxReviewsPerDay":300}'::jsonb) on conflict (id) do nothing;
insert into anki.notes (id, note_type_id, deck_id, fields, tags) values ('88c7d99d-ce1e-dacf-00cc-964c2ac8b053', '11111111-1111-1111-1111-111111110001', '55555555-5555-5555-5555-555555550008', '{"Front":"Как ты организуешь работу команды: планирование, приоритизация, выбор между Scrum и Kanban?","Back":"Организация работ — это поток ценности с минимумом потерь, а не \"раздача задач\".\n\n**Планирование (горизонты):**\n- **Стратегия (квартал):** product goals → epics. Лид защищает scope и сроки перед бизнесом.\n- **Тактика (спринт/2 недели):** декомпозиция epics на stories, оценка, sprint goal.\n- **Операционка (день):** дейли как синхронизация по блокерам, а не отчёт начальнику.\n\n**Приоритизация — фреймворки, а не интуиция:**\n- **RICE** (Reach × Impact × Confidence / Effort) — для продуктовых фич.\n- **WSJF** (Weighted Shortest Job First = Cost of Delay / Job Size) — из SAFe, хорошо для техдолга vs фич.\n- **MoSCoW** (Must/Should/Could/Won''t) — для фиксации scope перед релизом.\n- Отдельный **бюджет на техдолг** (например 20%), иначе он никогда не приоритизируется.\n\n**Scrum vs Kanban (трейдофф):**\n```\nScrum   → фиксированные итерации, фокус на predictability,\n          хорош для продуктовой разработки с дискретными целями.\nKanban  → непрерывный поток, WIP-лимиты, фокус на flow/latency,\n          хорош для support/maintenance/непредсказуемого входящего потока.\n```\n- **Ключевая метрика Kanban — WIP-лимит:** ограничение незавершёнки заставляет команду \"дотаскивать\", а не плодить начатое. Это контринтуитивно увеличивает throughput (закон Литтла: Lead Time = WIP / Throughput).\n- На практике многие команды живут в **Scrumban**: итерации для планирования + WIP-лимиты для потока.\n\n**Ретро (главный механизм улучшения):**\n- Не \"что плохо\", а **actionable items с owner и сроком**. Без этого ретро деградирует в нытьё.\n- Проверяй на следующем ретро, что прошлые items закрыты — иначе теряется доверие к формату.\n- Форматы: Start/Stop/Continue, Mad/Sad/Glad, 5 Whys для конкретного инцидента.\n\n**Подводный камень:** карго-культ Agile — церемонии ради церемоний. Лид должен резать ритуалы, которые не дают ценности конкретной команде."}'::jsonb, ARRAY['agile', 'scrum', 'kanban', 'prioritization', 'planning', 'retro']::text[]) on conflict (id) do nothing;
insert into anki.cards (id, note_id, deck_id, template_index, state) values ('077360cc-3945-1ac1-607f-f5621687ca86', '88c7d99d-ce1e-dacf-00cc-964c2ac8b053', '55555555-5555-5555-5555-555555550008', 0, 'new') on conflict (id) do nothing;
insert into anki.notes (id, note_type_id, deck_id, fields, tags) values ('914e10c4-2e5c-fb5b-24e2-69627f8ff6e8', '11111111-1111-1111-1111-111111110001', '55555555-5555-5555-5555-555555550008', '{"Front":"Чем велосити (velocity) полезна и почему её опасно использовать как KPI?","Back":"**Velocity** — сумма story points завершённых задач за спринт. Это **инструмент прогнозирования для самой команды**, а не метрика производительности.\n\n**Для чего реально нужна:**\n- Прогноз: \"сколько влезет в следующий спринт\" на основе среднего за 3-5 спринтов.\n- Выявление аномалий: резкое падение → блокеры, выгорание, недооценка.\n\n**Почему нельзя делать KPI / сравнивать команды:**\n- **Story points относительны** — они калиброваны внутри одной команды. 8 SP в команде A ≠ 8 SP в команде B.\n- **Закон Гудхарта:** \"когда метрика становится целью, она перестаёт быть хорошей метрикой\". Команда начнёт **инфлировать оценки** — велосити растёт, ценность нет.\n- Поощряет дробление и game the system вместо доставки ценности.\n\n**Что мерить лидом вместо этого (DORA-метрики):**\n```\nDeployment Frequency   — как часто катим в прод\nLead Time for Changes  — от коммита до прода\nChange Failure Rate    — % деплоев с инцидентами\nMTTR                   — время восстановления\n```\nDORA измеряет **здоровье процесса доставки**, а не \"скорость кодинга\", и его сложнее заиграть.\n\n**Главный трейдофф:** скорость без качества = накопление техдолга, который убьёт скорость через полгода. Лид балансирует."}'::jsonb, ARRAY['velocity', 'metrics', 'dora', 'goodharts-law', 'kpi']::text[]) on conflict (id) do nothing;
insert into anki.cards (id, note_id, deck_id, template_index, state) values ('33699286-4ed3-b550-015a-60cb96cd0b26', '914e10c4-2e5c-fb5b-24e2-69627f8ff6e8', '55555555-5555-5555-5555-555555550008', 0, 'new') on conflict (id) do nothing;
insert into anki.notes (id, note_type_id, deck_id, fields, tags) values ('5f48d457-eadc-3b80-508a-057e7571ca35', '11111111-1111-1111-1111-111111110001', '55555555-5555-5555-5555-555555550008', '{"Front":"Как ты проводишь эффективное 1-1 с разработчиком?","Back":"**1-1 — это время сотрудника, а не статус-митинг.** Статус по задачам берётся из трекера; 1-1 про человека.\n\n**Принципы:**\n- **Регулярность важнее длительности:** раз в 1-2 недели по 30 мин стабильно > часовая встреча раз в квартал.\n- **Повестку ведёт сотрудник**, лид добавляет свои пункты. Общий док с running notes — видна динамика обещаний.\n- **Не отменять без крайней нужды** — отмена 1-1 = сигнал \"ты неважен\".\n\n**О чём говорить (уровни глубины):**\n```\nКраткосрочно  → блокеры, что мешает работать прямо сейчас\nСреднесрочно  → загрузка, интересность задач, отношения в команде\nДолгосрочно   → карьера, рост, чего хочет через год-два\n```\n\n**Техники:**\n- Больше слушать (правило 80/20: 80% времени говорит сотрудник).\n- Открытые вопросы: \"что бы ты изменил в нашем процессе?\", \"что тебя демотивирует?\".\n- Скип-левел встречи у тимлидов с твоими подчинёнными помогают увидеть слепые зоны.\n\n**Red flags, которые ловишь на 1-1:**\n- Перестал жаловаться вообще → либо идеально (редко), либо уже мысленно уволился.\n- Растущий цинизм, \"мне всё равно\".\n- Постоянная перегрузка, о которой молчал.\n\n**Подводный камень:** превращение 1-1 в допрос по задачам убивает доверие. Психологическая безопасность строится годами и рушится за одну встречу."}'::jsonb, ARRAY['one-on-one', 'team-management', 'leadership', 'feedback']::text[]) on conflict (id) do nothing;
insert into anki.cards (id, note_id, deck_id, template_index, state) values ('52e972b8-a85b-87fb-8026-c6e8ad13552f', '5f48d457-eadc-3b80-508a-057e7571ca35', '55555555-5555-5555-5555-555555550008', 0, 'new') on conflict (id) do nothing;
insert into anki.notes (id, note_type_id, deck_id, fields, tags) values ('50a02514-a669-bcf9-42a0-ab8aab9b294a', '11111111-1111-1111-1111-111111110001', '55555555-5555-5555-5555-555555550008', '{"Front":"Как давать обратную связь, чтобы она работала? Какие модели используешь?","Back":"Обратная связь — основной инструмент роста команды. Плохая ОС демотивирует сильнее, чем её отсутствие.\n\n**Принципы:**\n- **Своевременность:** разбирать ситуацию через месяц бесполезно — контекст утерян.\n- **Конкретика, не ярлыки:** не \"ты безответственный\", а \"вчера деплой упал, потому что не прогнали миграции\".\n- **Хвалить публично, критиковать наедине.**\n- **Про поведение, не про личность** — поведение можно изменить, личность атаковать бессмысленно.\n\n**Модели:**\n```\nSBI (Situation–Behavior–Impact):\n  \"На ревью (S) ты переписал PR коллеги без обсуждения (B),\n   из-за этого он расстроился и перестал брать сложные задачи (I)\".\n  → Факты, без оценок и домыслов о мотивах.\n\nCOIN (Context–Observation–Impact–Next) — добавляет шаг про действия.\n```\n\n**Радикальная искренность (Ким Скотт):**\n```\n              Заботишься лично\n                    ↑\n   Деструктивная   |   Радикальная\n   эмпатия         |   искренность   ← цель\n   ─────────────────────────────────→ Бросаешь вызов прямо\n   Манипулятивная  |   Агрессивная\n   неискренность   |   прямота\n```\n- Большинство руководителей залипают в **деструктивной эмпатии**: жалеют и молчат, человек не растёт.\n\n**Двусторонность:** регулярно проси ОС о себе. \"Что я делаю, что тебе мешает?\" — без этого лид слепнет.\n\n**Подводный камень:** \"сэндвич\" (похвала-критика-похвала) обесценился — люди ждут подвоха после похвалы и не слышат суть. Лучше прямо и с заботой."}'::jsonb, ARRAY['feedback', 'radical-candor', 'sbi', 'leadership', 'team-growth']::text[]) on conflict (id) do nothing;
insert into anki.cards (id, note_id, deck_id, template_index, state) values ('f0669666-664a-ef4f-e973-cd0c95282f49', '50a02514-a669-bcf9-42a0-ab8aab9b294a', '55555555-5555-5555-5555-555555550008', 0, 'new') on conflict (id) do nothing;
insert into anki.notes (id, note_type_id, deck_id, fields, tags) values ('3921d4dd-8255-532a-eb4d-a77de1d70160', '11111111-1111-1111-1111-111111110001', '55555555-5555-5555-5555-555555550008', '{"Front":"Как ты выстраиваешь развитие разработчика: менторство, рост грейдов, IDP?","Back":"Развитие — это удержание + рост capacity команды. Люди уходят из-за стагнации чаще, чем из-за денег.\n\n**IDP (Individual Development Plan):**\n- Совместный документ: куда хочет расти сотрудник + что нужно бизнесу. Пересечение = зона роста.\n- **SMART-цели** на квартал/полгода: не \"стать лучше в архитектуре\", а \"спроектировать и провести через ревью модуль X к концу Q2\".\n- Привязка к **матрице компетенций / грейдам** — прозрачные критерии перехода Junior→Middle→Senior, чтобы рост не зависел от настроения лида.\n\n**Менторство vs коучинг (разные инструменты):**\n```\nМенторство → \"я знаю как, показываю/советую\" (передача экспертизы)\nКоучинг    → \"задаю вопросы, ты находишь решение сам\" (развитие мышления)\nДелегирование с правом на ошибку → главный ускоритель роста сениоров\n```\n\n**Модель развития сложности задач (situational leadership):**\n- Джуну — directing (чёткие указания, частый контроль).\n- Сениору — delegating (цель и автономия, контроль по результату).\n- **Ошибка лида:** микроменеджить сениора (демотивация) или бросать джуна в автономию (выгорание + плохой код).\n\n**Рост вширь vs ввысь:**\n- Не все хотят в менеджмент. **Двойная карьерная лестница**: техническая (Senior→Staff→Principal) равна по статусу/деньгам управленческой.\n- Навязывание управления хорошему инженеру = потеря инженера и получение плохого менеджера (принцип Питера).\n\n**Метрика успеха лида:** сколько людей выросли в грейде и сколько готовы заменить тебя. Лид, на котором всё держится, — это bottleneck, а не герой."}'::jsonb, ARRAY['mentoring', 'idp', 'career-growth', 'competency-matrix', 'delegation']::text[]) on conflict (id) do nothing;
insert into anki.cards (id, note_id, deck_id, template_index, state) values ('3f962819-88dd-ed04-7e63-af3e5f3ef270', '3921d4dd-8255-532a-eb4d-a77de1d70160', '55555555-5555-5555-5555-555555550008', 0, 'new') on conflict (id) do nothing;
insert into anki.notes (id, note_type_id, deck_id, fields, tags) values ('e534b5c9-dbf6-6ade-2435-45de6a07d757', '11111111-1111-1111-1111-111111110001', '55555555-5555-5555-5555-555555550008', '{"Front":"Как ты структурируешь техническое интервью фронтендера и что именно оцениваешь?","Back":"Цель интервью — предсказать успех в **этой** роли, а не устроить экзамен по олимпиадным алгоритмам.\n\n**Структура (воронка из этапов):**\n```\n1. Скрининг (30 мин)    — sanity-check, мотивация, соответствие грейду\n2. Live coding (60 мин) — практическая задача, близкая к реальности\n3. System design (60)   — для Middle+/Senior: спроектировать фичу/приложение\n4. Поведенческое        — soft skills, конфликты, командность\n```\n\n**Что оцениваю на live coding (важнее результата — процесс):**\n- **Задаёт ли уточняющие вопросы** до кодинга (требования, edge cases) — сениор не бросается писать сразу.\n- **Ход мыслей вслух**, декомпозиция, нейминг, обработка ошибок.\n- Реакция на усложнение задачи и на свою ошибку.\n- Не \"знает ли наизусть API\", а \"умеет ли рассуждать и гуглить осмысленно\".\n\n**Фронтенд-специфика для Vue-сениора:**\n- Реактивность: понимает ли разницу ref/reactive, ловушки потери реактивности, когда watch vs computed.\n- Производительность: виртуализация списков, code-splitting, что вызывает лишние ре-рендеры.\n- Архитектура: компонентная декомпозиция, управление состоянием, границы ответственности (FSD/feature-based).\n- A11y, семантика, кросс-браузерность — отличает мидла от \"верстальщика на Vue\".\n\n**System design сигналы сениорства:**\n- Проговаривает трейдоффы (SSR vs SPA, optimistic UI, кеширование).\n- Думает про API-контракты, состояния загрузки/ошибок, offline.\n\n**Хорошая практика:** структурированное интервью с заранее заданными вопросами и шкалой оценки. Снижает bias и делает кандидатов сравнимыми. Анти-паттерн — каждый интервьюер спрашивает что хочет и решает \"по ощущениям\"."}'::jsonb, ARRAY['technical-interview', 'hiring', 'live-coding', 'system-design', 'vue']::text[]) on conflict (id) do nothing;
insert into anki.cards (id, note_id, deck_id, template_index, state) values ('18104ea9-0d2e-7189-5217-a3eedc79c2e0', 'e534b5c9-dbf6-6ade-2435-45de6a07d757', '55555555-5555-5555-5555-555555550008', 0, 'new') on conflict (id) do nothing;
insert into anki.notes (id, note_type_id, deck_id, fields, tags) values ('776973f0-0b0d-a37d-252d-2f2cdaab07ae', '11111111-1111-1111-1111-111111110001', '55555555-5555-5555-5555-555555550008', '{"Front":"Какие red flags ты ловишь на собеседовании, а какие \"красные флаги\" на самом деле ложные?","Back":"**Настоящие red flags:**\n- **Не задаёт ни одного уточняющего вопроса** к задаче — кодит по первому пониманию. В реальной работе это \"сделал не то\".\n- **Не признаёт незнание / блефует.** Сениор спокойно говорит \"не знаю, но искал бы так\". Блеф = риск тихих факапов в проде.\n- **Винит во всём всех вокруг** в рассказах о прошлом (бывших коллег, менеджеров, легаси). Ноль рефлексии о своём вкладе.\n- **Не может объяснить решение, которое сам принял** на прошлом проекте — значит, не он принимал или не понимал.\n- **Резко негативит к тестам/ревью/процессам** как к пустой трате времени — маркер незрелости.\n- **Токсичность под видом \"прямоты\"**, пренебрежение к джунам/смежникам.\n\n**Ложные red flags (на которые часто зря режут):**\n- **Волнение и оговорки** — это стресс собеседования, а не уровень. Хороший интервьюер снижает стресс.\n- **Не помнит точный синтаксис API** — гуглится за 10 секунд, не показатель. Важно понимание механизма.\n- **Job hopping сам по себе** — контекст важен (стартапы закрывались, релокация). Допрашивай причины, не штампуй ярлык.\n- **Нет модного стека в резюме** — сильный инженер переучивается быстро; фундамент важнее конкретного фреймворка.\n- **Несогласие с интервьюером** — если аргументировано, это плюс (умеет отстаивать позицию), а не \"неудобный\".\n\n**Мета-принцип:** интервью предвзято в сторону тех, кто хорошо проходит интервью, а не хорошо работает. Лид обязан осознавать **bias** (halo-эффект, \"похож на меня\") и компенсировать структурой и несколькими интервьюерами."}'::jsonb, ARRAY['technical-interview', 'red-flags', 'hiring', 'bias']::text[]) on conflict (id) do nothing;
insert into anki.cards (id, note_id, deck_id, template_index, state) values ('f6f11ce2-dd7c-39f3-606a-916facda8a1a', '776973f0-0b0d-a37d-252d-2f2cdaab07ae', '55555555-5555-5555-5555-555555550008', 0, 'new') on conflict (id) do nothing;
insert into anki.notes (id, note_type_id, deck_id, fields, tags) values ('daa3ae6c-7730-2a26-6742-effdf5d8141f', '11111111-1111-1111-1111-111111110001', '55555555-5555-5555-5555-555555550008', '{"Front":"Какой оптимальный размер фронтенд-команды и почему \"добавить людей\" не ускоряет проект?","Back":"**Оптимальный размер: 5-9 человек** (\"two-pizza team\" Безоса — команда, которую кормят две пиццы).\n\n**Почему именно столько — комбинаторика связей:**\n```\nКоличество каналов коммуникации = n(n-1)/2\n  3 чел  → 3 связи\n  6 чел  → 15 связей\n  10 чел → 45 связей\n  15 чел → 105 связей  ← коммуникация съедает работу\n```\nС ростом n накладные расходы на синхронизацию растут квадратично, а полезный выход — линейно (в лучшем случае). Поэтому большую команду **дробят на 2 поменьше с чёткими зонами ответственности**, а не растят бесконечно.\n\n**Brooks'' Law (\"Мифический человеко-месяц\"):**\n> \"Adding manpower to a late software project makes it later.\"\n\n**Механизм, почему новый человек сначала замедляет:**\n1. **Onboarding ramp-up** — новичок месяцы выходит на продуктивность, и отвлекает сениоров на менторинг (минус их продуктивность).\n2. **Рост коммуникационных издержек** (см. формулу выше).\n3. **Неделимость задач** — \"девять женщин не родят ребёнка за месяц\". Часть работы строго последовательна.\n\n**Вывод для лида:** на горящем проекте добавление людей в моменте делает только хуже. Решения: резать scope, убирать блокеры, а не накидывать头count."}'::jsonb, ARRAY['team-size', 'brooks-law', 'two-pizza-team', 'communication-overhead']::text[]) on conflict (id) do nothing;
insert into anki.cards (id, note_id, deck_id, template_index, state) values ('4236797c-b7e6-0c9c-f5ad-092dd6b3563f', 'daa3ae6c-7730-2a26-6742-effdf5d8141f', '55555555-5555-5555-5555-555555550008', 0, 'new') on conflict (id) do nothing;
insert into anki.notes (id, note_type_id, deck_id, fields, tags) values ('91691ad7-8889-7f96-8a10-8de2cc8f940e', '11111111-1111-1111-1111-111111110001', '55555555-5555-5555-5555-555555550008', '{"Front":"Как ты определяешь состав команды (роли) и балансируешь нагрузку? Что такое bus factor?","Back":"Команда — это набор **ролей и уровней**, а не просто N разработчиков.\n\n**Состав сбалансированной команды (грейды):**\n- **Анти-паттерн \"все сениоры\":** дорого, скучные задачи делать некому, конфликты эго, нет кому растить. Сениоры выгорают на рутине.\n- **Анти-паттерн \"все джуны\":** некому ревьюить, архитектура разваливается, техдолг растёт.\n- **Здоровый микс:** обычно пирамида/ромб — несколько сениоров (архитектура, ревью, менторство), ядро мидлов (основная доставка), джуны (рост + рутина). Точные пропорции зависят от зрелости продукта.\n\n**Роли (могут совмещаться в малой команде):**\n- Tech Lead — техническое направление, архитектурные решения.\n- Product Owner — приоритеты и \"что делаем\".\n- Разработчики разных грейдов; в зрелых командах — QA, иногда выделенный DevOps.\n\n**Балансировка нагрузки:**\n- **Не грузить одного сениора всем сложным** — это создаёт bottleneck и bus factor = 1.\n- Учитывать невидимую нагрузку: ревью, менторинг, дежурства, собеседования — это часть capacity, а не \"сверху основной работы\".\n- Чередовать интересное и рутину, чтобы не выгорали сильнейшие.\n\n**Bus factor (он же truck factor):**\n```\nBus factor = сколько человек должны \"попасть под автобус\" (уйти),\n             чтобы проект встал из-за потери критичных знаний.\nBus factor = 1 → один человек знает критичную подсистему. Катастрофа.\n```\n- **Повышать через:** парное программирование, ротацию задач, code review как передачу знаний, документацию, отказ от \"героев-владельцев модулей\".\n- Лид целенаправленно **размывает экспертизу** по команде, даже ценой краткосрочной скорости.\n\n**Подводный камень:** оптимизация только под скорость доставки повышает bus factor и хрупкость. Лид держит баланс delivery vs resilience."}'::jsonb, ARRAY['team-composition', 'bus-factor', 'workload', 'roles', 'seniority-mix']::text[]) on conflict (id) do nothing;
insert into anki.cards (id, note_id, deck_id, template_index, state) values ('ab9dc4a8-70f1-37e0-99ca-ad61da459fa6', '91691ad7-8889-7f96-8a10-8de2cc8f940e', '55555555-5555-5555-5555-555555550008', 0, 'new') on conflict (id) do nothing;
insert into anki.notes (id, note_type_id, deck_id, fields, tags) values ('8c7b684b-4d2d-9dc4-dd2c-e2b39d14ae45', '11111111-1111-1111-1111-111111110001', '55555555-5555-5555-5555-555555550008', '{"Front":"Как ты внедряешь изменения в процессы команды и работаешь с сопротивлением?","Back":"Лид постоянно меняет процессы (новый CI, code review policy, переход на Kanban). Главная ошибка — **приказ сверху без вовлечения**.\n\n**Принципы внедрения изменений:**\n- **Проблема, а не решение, первична.** Сначала команда соглашается, что проблема есть (\"релизы по 3 дня\"), потом обсуждаем решение. Иначе сопротивление гарантировано.\n- **Вовлечение в выработку решения** = ownership. Люди не саботируют то, что придумали сами.\n- **Эксперимент с метрикой, а не \"навсегда\":** \"пробуем 3 спринта, смотрим на lead time, на ретро решаем\". Снижает страх необратимости.\n- **Маленькие итерации** — не менять 5 процессов разом, иначе не понять, что сработало.\n\n**Работа с сопротивлением (это сигнал, не помеха):**\n```\nТипы сопротивления:\n  \"Раньше работало\"      → покажи данные/боль, которую новый процесс решает\n  \"Это лишняя бюрократия\" → возможно правы — проверь ценность ритуала\n  Тихий саботаж          → худший случай: вытащи на 1-1, найди реальную причину\n```\n- Сопротивление сениоров особенно ценно — у них часто есть контекст, которого нет у лида. Слушать, а не продавливать.\n\n**Модели для опоры:**\n- **ADKAR** (Awareness–Desire–Knowledge–Ability–Reinforcement) — нельзя перескочить через Desire к Ability.\n- **Закрепление (Reinforcement):** без него команда откатывается к старому. Новый процесс должен стать default (автоматизация, шаблоны, линтеры вместо устных договорённостей).\n\n**Подводный камень:** \"чайка-менеджмент\" — лид прилетел с новой методологией с конференции, всё переломал, улетел. Изменения без закрепления и измерения = только хаос и потеря доверия."}'::jsonb, ARRAY['change-management', 'adkar', 'process-improvement', 'resistance', 'leadership']::text[]) on conflict (id) do nothing;
insert into anki.cards (id, note_id, deck_id, template_index, state) values ('dab204c3-1e93-71f1-6a77-921e936b7c1a', '8c7b684b-4d2d-9dc4-dd2c-e2b39d14ae45', '55555555-5555-5555-5555-555555550008', 0, 'new') on conflict (id) do nothing;

commit;